key,canonical_count,legacy_count,legacy_sample
california love | 2pac,3,3,California Love / 2Pac
melancholia | 40 winks,2,2,melancholia / 40 Winks
missing | 48th st collective,2,2,Missing / 48th St. Collective
take on me | a ha,5,5,Take On Me / a ha
sun always shines on tv | a ha,2,2,The Sun Always Shines on TV / a ha
every breath you take | aaron krause,3,3,Every Breath You Take (feat. Liza Anne) / Aaron Krause
look of love pt 1 | abc,2,2,"The Look Of Love, Pt.1 / ABC"
goody two shoes | adam ant,2,2,Goody Two Shoes / Adam Ant
dont you remember | adele,2,2,Don't You Remember / Adele
lovesong | adele,2,2,Lovesong / Adele
your love | adina v,2,2,Your Love / Adina V
your love | adina v and acoustic room,2,2,Your Love / Adina V & The Acoustic Room
tool sober acoustic cover | advosary,2,2,"Tool ""Sober"" acoustic cover / Advosary"
breather 2000 | afterlife,2,2,Breather 2000 / Afterlife
dub in ya mind | afterlife,2,2,Dub In Ya Mind / Afterlife
enjoy silence | agnes vanilla,2,2,Enjoy the Silence / Agnès Vanilla
cold water music | aim,2,2,Cold Water Music / Aim
all i need | air,2,2,All I Need / Air
cherry blossom girl | air,2,2,Cherry Blossom Girl / Air
how does it make you feel | air,2,2,How Does It Make You Feel? / Air
new star in sky | air,2,2,New Star In The Sky / Air
playground love | air,2,2,Playground Love / Air
forgiven | alanis morissette,2,2,Forgiven / Alanis Morissette
head over feet | alanis morissette,2,2,Head Over Feet / Alanis Morissette
walking on a dream | alex cornell,2,2,Walking on a Dream / Alex Cornell
bring me to life | alex goot,2,2,Bring Me To Life (Acoustic) / Alex Goot
scientist | alex goot,2,2,The Scientist / Alex Goot
scientist | alex goot and jada facer,2,2,The Scientist / Alex Goot & Jada Facer
bring me to life | alex goot julia sheer and kurt hugo schneider,2,2,"Bring Me to Life / Alex Goot, Julia Sheer & Kurt Hugo Schneider"
my immortal | alex goot julia sheer and kurt hugo schneider,2,2,"My Immortal / Alex Goot, Julia Sheer & Kurt Hugo Schneider"
better off alone | alice deejay,2,2,Better Off Alone / Alice DeeJay
cannonball | alice lamb,2,2,Cannonball / Alice Lamb
run to you | alice lamb,2,2,Run to You / Alice Lamb
walk on wild side | alice reed,2,2,Walk on the Wild Side / Alice Reed
white rabbit | alixandrea corvyn,2,2,White Rabbit / Alixandrea Corvyn
billie jean | allie sherlock,2,2,Billie Jean (feat. Fabio Rodrigues) / Allie Sherlock
complicated | allie sherlock,2,2,Complicated / Allie Sherlock
feeling good | allie sherlock,2,2,Feeling Good / Allie Sherlock
i will survive | allie sherlock,3,3,I Will Survive / Allie Sherlock
billie jean | allie sherlock and fabio rodrigues,2,2,Billie Jean / Allie Sherlock & Fabio Rodrigues
firefly | alpha,2,2,Firefly / Alpha
tessellate | alt j,2,2,Tessellate / alt-J
only happy when it rains | amazonics,2,2,Only Happy When It Rains / Amazonics
yellow | amber leigh irish,3,3,Yellow / Amber Leigh Irish
erase rewind | amkosman,2,2,Erase/Rewind / AMKosman
bloodstone | amon tobin,2,2,Bloodstone / Amon Tobin
going to california | amy lee,2,2,Going to California / Amy Lee
bend ane stajdohar ready to go | ana stajdohar,3,3,"Bend Ane Stajdohar - Ready To Go (Republica, cover) / Ana Stajdohar"
right now | anakelly,2,2,Right Now / Anakelly
going to california | anchor bell,2,2,Going to California / Anchor + Bell
karma police | anchor bell,2,2,Karma Police / Anchor + Bell
forever young | andrea von kampen,2,2,Forever Young / Andrea von Kampen
only love can break your heart | angie hart,2,2,Only Love Can Break Your Heart / Angie Hart
there is a light that never goes out | angie hart,2,2,There Is a Light That Never Goes Out / Angie Hart
youre one that i want | angus and julia stone,2,2,You're the One That I Want / Angus & Julia Stone
dancing with tears in my eyes | anna ternheim,2,2,Dancing with Tears in My Eyes / Anna Ternheim
im on fire | anna ternheim,2,2,I'm on Fire / Anna Ternheim
like a stone | anthony vincent,3,3,Like a Stone / Anthony Vincent
man in box | anthony vincent,3,3,Man in the Box / Anthony Vincent
smells like teen spirit | anthony vincent,2,2,Smells Like Teen Spirit / Anthony Vincent
would | anthony vincent,3,3,Would (feat. Violet Orlandi) / Anthony Vincent
wanted dead or alive | april kelly,2,2,Wanted Dead or Alive / April Kelly
do i wanna know | arctic monkeys,2,2,Do I Wanna Know? / Arctic Monkeys
electric feel | ari gumora,2,2,Electric Feel / Ari Gumora
not an addict | arnold t,2,2,Not an Addict / Arnold T
dont go | atrocity,2,2,Don't Go / Atrocity
dont your forget about me | atrocity,2,2,Don't Your Forget About Me / Atrocity
lets dance | atrocity,2,2,Let's Dance / Atrocity
wild boys | atrocity,2,2,Wild Boys / Atrocity
1 crush | audiomachine,2,2,#1 Crush / Audiomachine
edge of seventeen | audiomachine,2,2,Edge of Seventeen / Audiomachine
you spin me round | auralnauts,3,3,You Spin Me Round (feat. Silver Letomi) / Auralnauts
im on fire | awolnation,2,2,I'm On Fire / AWOLNATION
sail | awolnation,2,2,Sail / AWOLNATION
angel | axioma,2,2,Angel / Axioma
cruel summer | bananarama,2,2,Cruel Summer / Bananarama
how much i feel | banda do sul,2,2,How Much I Feel / Banda Do Sul
nouvelle vague | bande a part,2,2,Nouvelle Vague / Bande a Part
ben howard covers call me maybe in live lounge | bbc radio 1,2,2,Ben Howard covers Call Me Maybe in the Live Lounge / BBC Radio 1
daley do i wanna know | bbc radio 1,2,2,Daley - Do I Wanna Know? (Arctic Monkeys Cover) / BBC Radio 1
dua lipa covers arctic monkeys do i wanna know in live lounge | bbc radio 1,2,2,Dua Lipa covers Arctic Monkeys Do I Wanna Know? in the Live Lounge / BBC Radio 1
half moon run mother we share | bbc radio 1,2,2,Half Moon Run - Mother We Share (Chvrches cover) / BBC Radio 1
jade bird running up that hill radio 1s piano sessions | bbc radio 1,2,2,Jade Bird - Running Up That Hill (Kate Bush cover) Radio 1's Piano Sessions / BBC Radio 1
jake bugg covers imagine dragons radioactive | bbc radio 1,2,2,Jake Bugg covers Imagine Dragons' Radioactive (Live Lounge) / BBC Radio 1
laura mvula yellow in live lounge | bbc radio 1,2,2,Laura Mvula - Yellow in the Live Lounge / BBC Radio 1
liam gallagher champagne supernova radio 1 piano sessions | bbc radio 1,2,2,Liam Gallagher - Champagne Supernova - Radio 1 Piano Sessions / BBC Radio 1
london grammar wrecking ball in live lounge | bbc radio 1,2,2,London Grammar - Wrecking Ball in the Live Lounge / BBC Radio 1
london grammar cover princes purple rain in live lounge | bbc radio 1,2,2,London Grammar cover Prince's Purple Rain in the Live Lounge / BBC Radio 1
miley cyrus covers summertime sadness in live lounge | bbc radio 1,2,2,Miley Cyrus covers Summertime Sadness in the Live Lounge / BBC Radio 1
ms mr do i wanna know in live lounge late | bbc radio 1,2,2,MS MR - Do I Wanna Know? in the Live Lounge Late / BBC Radio 1
phoebe bridgers x arlo parks fake plastic trees radio 1 piano session | bbc radio 1,2,2,Phoebe Bridgers x Arlo Parks - Fake Plastic Trees (Radiohead) - Radio 1 Piano Session / BBC Radio 1
plan b feel it still in live lounge | bbc radio 1,2,2,Plan B - Feel It Still (Portugal. The Man cover) in the Live Lounge / BBC Radio 1
rita ora like a virgin in live lounge | bbc radio 1,2,2,Rita Ora - Like A Virgin (Madonna cover) in the Live Lounge / BBC Radio 1
rizzle kicks summertime sadness | bbc radio 1,2,2,Rizzle Kicks - Summertime Sadness (Lana Del Rey cover) / BBC Radio 1
two door cinema club bad guy in live lounge | bbc radio 1,2,2,Two Door Cinema Club - Bad Guy (Billie Eilish) in the Live Lounge / BBC Radio 1
usher pumped up kicks in radio 1 live lounge | bbc radio 1,2,2,Usher - Pumped Up Kicks in the Radio 1 Live Lounge / BBC Radio 1
vic mensa karma police radio 1s piano sessions | bbc radio 1,2,2,Vic Mensa - Karma Police (Radiohead cover) - Radio 1's Piano Sessions / BBC Radio 1
jessie j covers michael jacksons rock with you | bbc radio 1xtra,2,2,Jessie J covers Michael Jackson's Rock With You / BBC Radio 1Xtra
meridian dan blinded by lights in 1xtra live lounge | bbc radio 1xtra,2,2,Meridian Dan - Blinded By The Lights in the 1Xtra Live Lounge / BBC Radio 1Xtra
5 seconds of summer no roots in live lounge | bbcradio1vevo,2,2,5 Seconds of Summer - No Roots (Alice Merton Cover) in the Live Lounge / BBCRadio1VEVO
blossoms in da club in live lounge | bbcradio1vevo,2,2,Blossoms - In Da Club (50 Cent cover) in the Live Lounge / BBCRadio1VEVO
blossoms man in live lounge | bbcradio1vevo,2,2,Blossoms - The Man (The Killers cover) in the Live Lounge / BBCRadio1VEVO
enter shikari supermassive black hole | bbcradio1vevo,2,2,Enter Shikari - Supermassive Black Hole (Muse cover in the Live Lounge) / BBCRadio1VEVO
george ezra girls just wanna have fun cover in live lounge | bbcradio1vevo,2,2,George Ezra - Girls Just Wanna Have Fun cover in the Live Lounge / BBCRadio1VEVO
george ezra i try | bbcradio1vevo,2,2,George Ezra - I Try (Macy Gray cover in the Live Lounge) / BBCRadio1VEVO
harry styles chain in live lounge | bbcradio1vevo,2,2,Harry Styles - The Chain (Fleetwood Mac cover) in the Live Lounge / BBCRadio1VEVO
lorde in air tonight | bbcradio1vevo,2,2,Lorde - In The Air Tonight (Phil Collins cover in the Live Lounge) / BBCRadio1VEVO
running up that hill in live lounge | bbcradio1vevo,2,2,Running Up That Hill in the Live Lounge / BBCRadio1VEVO
killers fame in live lounge | bbcradio1vevo,2,2,The Killers - Fame (David Bowie cover) in the Live Lounge / BBCRadio1VEVO
torn | bbcradio1vevo,2,2,Torn (Natalie Imbruglia cover in the Live Lounge) / BBCRadio1VEVO
wolf alice good riddance | bbcradio1vevo,2,2,Wolf Alice - Good Riddance (Time Of Your Life) (Green Day cover) [Live in the Live Lounge] / BBCRadio1VEVO
mad about you hooverphonic | beatrice florea,2,2,Mad About You - Hooverphonic (by Beatrice Florea) / Beatrice Florea
do i wanna know | beau luci,2,2,Do I Wanna Know? / Beau + Luci
old man | beck,2,2,Old Man / Beck
do i wanna know | ben weighill,2,2,Do I Wanna Know? (Acoustic) / Ben Weighill
billie jean | berk and virtual band,2,2,Billie Jean / Berk & The Virtual Band
englishman in new york | berk and virtual band,2,2,Englishman in New York / Berk & The Virtual Band
enjoy silence | berk and virtual band,2,2,Enjoy the Silence / Berk & The Virtual Band
forever young | berk and virtual band,2,2,Forever Young / Berk & The Virtual Band
personal jesus | berk and virtual band,2,2,Personal Jesus / Berk & The Virtual Band
relax | berk and virtual band,3,3,Relax / Berk & The Virtual Band
roxanne | berk and virtual band,2,2,Roxanne / Berk & The Virtual Band
send me an angel | berk and virtual band,2,2,Send Me an Angel / Berk & The Virtual Band
take on me | berk and virtual band,3,3,Take on Me / Berk & The Virtual Band
viva la vida | berk and virtual band,2,2,Viva la Vida / Berk & The Virtual Band
wonderwall | berk and virtual band,2,2,Wonderwall / Berk & The Virtual Band
a little respect | beth,2,2,A Little Respect / Beth
kashmir | beth hart,2,2,Kashmir / Beth Hart
no quarter | beth hart,2,2,No Quarter / Beth Hart
rain song | beth hart,2,2,The Rain Song / Beth Hart
concrete sky | beth orton,2,2,Concrete Sky / Beth Orton
6 underground sneaker pimps beyond hyperion | beyond hyperion,2,2,6 Underground - Sneaker Pimps (Drum and Bass Remix) - Beyond Hyperion / Beyond Hyperion
in a big country | big country,3,3,In A Big Country / Big Country
dangerous | big data,2,2,Dangerous / Big Data
lovely day | bill withers,2,2,Lovely Day / Bill Withers
like a prayer | billboard top 100 hits,2,2,Like a Prayer (Acoustic Version) [Madonna Cover] / Billboard Top 100 Hits
dancing with myself | billy idol,2,2,Dancing With Myself / Billy Idol
eyes without a face | billy idol,2,2,Eyes Without A Face / Billy Idol
rebel yell | billy idol,3,3,Rebel Yell / Billy Idol
1901 | birdy,2,2,1901 / Birdy
i only want to be with you | birdy,2,2,I Only Want to Be with You / Birdy
when doves cry | birdy,3,3,When Doves Cry / Birdy
young blood | birdy,2,2,Young Blood / Birdy
all is full of love | bjork,2,2,All Is Full of Love / Bjork
army of me | bjork,3,3,Army Of Me / Bjork
big time sensuality | bjork,2,2,Big Time Sensuality / Bjork
human behaviour | bjork,2,2,Human Behaviour / Bjork
hyperballad | bjork,2,2,Hyperballad / Bjork
hidden place | bjork,2,1,Hidden Place / Björk
joga | bjork,2,1,Joga / Björk
possibly maybe | bjork,2,1,Possibly Maybe / Björk
venus as a boy | bjork,2,1,Venus As A Boy / Björk
beyond time | blank and jones,2,2,Beyond Time (Ambient edit) / Blank & Jones
erase rewind | blank and jones,3,3,Erase / Rewind (feat. Zoe Durrant) / Blank & Jones
call me | blondie,2,2,Call Me / Blondie
heart of glass | blondie,3,3,Heart of Glass / Blondie
remember me | blue boy,2,2,Remember Me / Blue Boy
burnin for you | blue oyster cult,1,3,Burnin' for You / Blue Oyster Cult
godzilla | blue oyster cult,2,2,Godzilla (live) / Blue Oyster Cult
blue spanish sky | blue oyster cult,2,1,Blue Spanish Sky / Blue Öyster Cult
desire | bob moses,2,2,Desire / Bob Moses
save a prayer | bob moses,3,3,Save a Prayer / Bob Moses
tearing me up | bob moses,2,2,Tearing Me Up / Bob Moses
desire | bob moses zhu,2,2,"Desire / Bob Moses, ZHU"
africa | bobby kimball,2,2,Africa / Bobby Kimball
cool change | bobby kimball,2,2,Cool Change / Bobby Kimball
give a little bit | bobby kimball,2,2,Give a Little Bit / Bobby Kimball
hold line | bobby kimball,2,2,Hold the Line / Bobby Kimball
im not in love | bobby kimball,2,2,I'm Not in Love / Bobby Kimball
rosanna | bobby kimball,2,2,Rosanna / Bobby Kimball
whos crying now | bobby kimball,2,2,Who's Crying Now? / Bobby Kimball
bed of roses | bon jovi,2,2,Bed of Roses / Bon Jovi
under my sensi | boozoo bajou,2,2,Under My Sensi / Boozoo Bajou
smokin | boston,2,2,Smokin / Boston
somebody to love | branches,2,2,Somebody to Love / Branches
diary of jane | breaking benjamin,3,3,The Diary of Jane / Breaking Benjamin
if i had a rocket launcher | bruce cockburn,2,2,If I Had A Rocket Launcher / Bruce Cockburn
sweet disposition | budjerah ngaiire and gretta ray,2,2,"Sweet Disposition / Budjerah, Ngaiire & Gretta Ray"
comedown | bush,3,3,Comedown / Bush
everything zen | bush,3,3,Everything Zen / Bush
gonna make you sweat | c c music factory,2,2,Gonna Make You Sweat / C+C Music Factory
needle and damage done | c c grace,2,2,Needle and the Damage Done / C.C. Grace
cola | camelphat,2,2,Cola (Dark Matter Edit) / CamelPhat
if it makes you happy | carla conrad,2,2,If It Makes You Happy / Carla Conrad
landslide | carly lyman,2,2,Landslide / Carly Lyman
landslide | carly lyman and jason lux,2,2,Landslide / Carly Lyman & Jason Lux
say something | carly rose,2,2,Say Something / Carly Rose
dont let me be misunderstood | carmen gomes inc,2,2,Don't Let Me Be Misunderstood / Carmen Gomes Inc.
yellow | caroline pennell,2,2,Yellow / Caroline Pennell
something about you | cary brothers,3,3,Something About You (feat. Laura Jansen) / Cary Brothers
american soviets | cccp,2,2,American-Soviets / CCCP
pumped up kicks | chamberlin,2,2,Pumped Up Kicks / Chamberlin
wherever you will go | charlene soraia,2,2,Wherever You Will Go / Charlene Soraia
i will always love you | chase holfelder,2,2,I Will Always Love You / Chase Holfelder
under pressure | chase holfelder,2,2,Under Pressure / Chase Holfelder
dream police | cheap trick,1,2,Dream Police / Cheap Trick
flame | cheap trick,2,2,The Flame / Cheap Trick
everybody wants to rule world | chlara,2,2,Everybody Wants to Rule the World / Chlara
chris isaak | chloe foy,2,1,Chris Isaak (the atmospheric cuts) / Chloë Foy
killing moon | chloe foy,2,1,The Killing Moon / Chloë Foy
everybody wants to rule world acoustic cover | christopherjamesmus,2,2,Everybody Wants to Rule the World (Tears For Fears) Acoustic Cover / christopherjamesmus
girls just wanna have fun | chromatics,2,2,Girls Just Wanna Have Fun / Chromatics
im on fire | chromatics,4,4,I'm on Fire / Chromatics
dont turn lights on | chromeo,3,3,Don't Turn the Lights On / Chromeo
do i wanna know | chvrches,3,3,Do I Wanna Know? / CHVRCHES
video killed radio star | cityflash,2,2,Video Killed The Radio Star (Extended mix) / Cityflash
letters from sky | civil twilight,2,2,Letters From The Sky / Civil Twilight
electric feel | clavvs,2,2,Electric Feel / CLAVVS
1234 | clementine duo,2,2,1234 / Clementine Duo
dont stop believing | clementine duo,2,2,Don't Stop Believing / Clementine Duo
fields of gold | clementine duo,2,2,Fields of Gold / Clementine Duo
cherry coloured funk | cocteau twins,2,2,Cherry coloured Funk / Cocteau Twins
clocks | coldplay,3,3,Clocks / Coldplay
fix you | coldplay,3,3,Fix You / Coldplay
trouble | coldplay,2,2,Trouble / Coldplay
high and dry | colin and caroline,2,2,High and Dry / Colin & Caroline
down under | colin hay,2,2,Down Under / Colin Hay
run | collective soul,2,2,Run / Collective Soul
si senor | control machete,2,2,Si Senor / Control Machete
im on fire | corey harper,2,2,I'm on Fire / Corey Harper
sunglasses at night | corey hart,2,2,Sunglasses at Night / Corey Hart
mayonaise | corpse bride,3,3,Mayonaise (feat. Mat) / Corpse Bride
needle and damage done | cortez killer,2,2,The Needle and the Damage Done / Cortez the Killer
supermans song | crash test dummies,4,4,Superman's Song / Crash Test Dummies
ballad of peter pumpkinhead | crash test dummies,3,3,The Ballad Of Peter Pumpkinhead (feat. Ellen Reid) / Crash Test Dummies
roads | crawling for carrion,2,2,Roads / Crawling for Carrion
needle and damage done | crazy horse,2,2,The Needle and the Damage Done / Crazy Horse
somewhere only we know | creamy,2,2,somewhere only we know / creamy
careless whisper | creamy and daddys girl,2,2,Careless Whisper / creamy & daddy's girl
somewhere only we know | creamy and untrusted,2,2,Somewhere Only We Know / creamy & untrusted
better be home soon | crowded house,2,2,Better Be Home Soon / Crowded House
dont dream its over | crowded house,2,2,Don't Dream It's Over / Crowded House
kiss me | cyn,3,3,Kiss Me / Cyn
girls just want to have fun | cyndi lauper,2,2,Girls Just Want to Have Fun / Cyndi Lauper
time after time | cyndi lauper,2,2,Time After Time / Cyndi Lauper
time to pretend | cyrene,4,4,Time to Pretend / Cyrene
around world | daft punk,2,2,Around the World / Daft Punk
harder better faster stronger | daft punk,2,2,"Harder, Better, Faster, Stronger / Daft Punk"
revelation | daikirai,2,2,Revelation / Daikirai
smells like teen spirit | daisy gray,2,2,Smells Like Teen Spirit / Daisy Gray
dont stop believin | dan avidan,2,2,Don't Stop Believin / Dan Avidan
dont stop believin | dan avidan and super guitar bros,2,2,Don't Stop Believin / Dan Avidan & Super Guitar Bros
pequeno paria | daniel melingo,2,1,Pequeño Paria (Roy Dubb ReRadio Mix) / Daniel Melingo
bang bang | daniela andrade,2,2,Bang Bang (My Baby Shot Me Down) / Daniela Andrade
crazy | daniela andrade,2,2,Crazy / Daniela Andrade
creep | daniela andrade,2,2,Creep / Daniela Andrade
la vie en rose | daniela andrade,2,2,La Vie en Rose / Daniela Andrade
latch | daniela andrade,2,2,Latch / Daniela Andrade
la femme dargent | dave depper,2,2,La Femme d'argent / Dave Depper
rain song led zeppelin david barrett | david barrett trio,2,2,The Rain Song | Led Zeppelin | David Barrett / David Barrett Trio
tears for fears everybody wants to rule world | davidcurci,2,2,Tears For Fears - Everybody wants to rule the world (Acoustic version) / DavidCurci
yulunga | dead can dance,2,2,Yulunga / Dead Can Dance
you spin me round | dead or alive,2,2,You Spin Me Round / Dead or Alive
be alright | dean lewis,2,2,Be Alright / Dean Lewis
a million miles away | deap vally,2,2,A Million Miles Away / Deap Vally
missing | deeperlove,2,2,Missing / Deeperlove
change | deftones,2,2,Change (In The House Of Flies) / Deftones
euphoria | delerium,2,2,Euphoria (Firefly) / Delerium
blasphemous rumours | depeche mode,2,2,Blasphemous Rumours / Depeche Mode
dangerous | depeche mode,2,2,"Dangerous (7"" version) / Depeche Mode"
dream on | depeche mode,2,2,Dream On / Depeche Mode
enjoy silence | depeche mode,7,7,Enjoy the Silence / Depeche Mode
everything counts | depeche mode,4,4,Everything Counts / Depeche Mode
its no good | depeche mode,2,2,It's No Good / Depeche Mode
never let me down again | depeche mode,2,2,Never Let Me Down Again / Depeche Mode
personal jesus | depeche mode,3,3,Personal Jesus / Depeche Mode
policy of truth | depeche mode,2,2,Policy of Truth / Depeche Mode
another one bites dust | dinner with friends,3,3,Another One Bites the Dust / Dinner with Friends
crazy | dinner with friends,3,3,Crazy / Dinner with Friends
take on me | dinner with friends,2,2,Take On Me (Chill Out) / Dinner with Friends
wanted dead or alive | dinner with friends,2,2,Wanted Dead Or Alive (Acoustic) / Dinner with Friends
we are champions | dinner with friends,2,2,We are the Champions (Chill Out) / Dinner with Friends
days go by | dirty vegas,5,5,Days Go By / Dirty Vegas
counting blue cars | dishwalla,2,2,Counting Blue Cars / Dishwalla
this must be place | dizzy,2,2,This Must Be The Place / Dizzy
six days | dj shadow,3,3,Six Days / DJ Shadow
boys of summer | don henley,2,2,Boys of Summer / Don Henley
you spin me round | dope,2,2,You Spin Me Round (Like a Record) / Dope
motley crue | dr feelgood,2,1,Mötley Crüe / Dr. Feelgood
barely breathing | duncan sheik,2,2,Barely Breathing / Duncan Sheik
come undone | duran duran,4,4,Come Undone / Duran Duran
evil woman | duran duran,2,2,Evil Woman / Duran Duran
girls on film | duran duran,2,2,Girls on Film / Duran Duran
hungry like wolf | duran duran,4,4,Hungry Like the Wolf / Duran Duran
i dont want your love | duran duran,2,2,I Don't Want Your Love / Duran Duran
is there something i should know | duran duran,2,2,Is There Something I Should Know (Monster Mix) / Duran Duran
rio | duran duran,2,2,Rio / Duran Duran
save a prayer | duran duran,3,3,Save A Prayer / Duran Duran
reflex | duran duran,2,2,The Reflex / Duran Duran
wild boys | duran duran,2,3,The Wild Boys / Duran Duran
hotel california | eagles,2,2,Hotel California / Eagles
lips like sugar | echo and bunnymen,1,2,Lips Like Sugar / Echo & The Bunnymen
killing moon | echo and bunnymen,2,2,The Killing Moon / Echo & The Bunnymen
cool kids | echosmith,2,2,Cool Kids / Echosmith
clocks | eddy mcmanus,2,2,Clocks / Eddy McManus
ghost in you | eddy mcmanus,2,2,Ghost in You / Eddy McManus
life in a northern town | eddy mcmanus,2,2,Life in a Northern Town / Eddy McManus
one i love | eddy mcmanus,2,2,The One I Love / Eddy McManus
turning japanese | eddy mcmanus,2,2,Turning Japanese / Eddy McManus
blue | eiffel 65,2,2,Blue (Da Ba Dee) / Eiffel 65
inner light | elderbrook,2,2,Inner Light / Elderbrook
numb | elderbrook,2,2,Numb / Elderbrook
mr blue sky | electric light orchestra,2,2,Mr. Blue Sky / Electric Light Orchestra
big time | electrokingdom,3,3,Big Time (Acoustic Mix) / Electrokingdom
blue monday | electronika,2,2,Blue Monday / Electronika
walking on a dream | elenowen,2,2,Walking on a Dream / Elenowen
when you were young | ella mae bowen,2,2,When You Were Young / Ella Mae Bowen
lights | ellie goulding,2,2,Lights / Ellie Goulding
tessellate | ellie goulding,3,3,Tessellate / Ellie Goulding
your song | ellie goulding,3,3,Your Song / Ellie Goulding
flagpole sitta | elohim and awolnation,2,2,Flagpole Sitta / Elohim & AWOLNATION
dont let sun go down on me | elton john,2,2,Don't Let the Sun Go Down on Me / Elton John
dont go breaking my heart | elton john and kiki dee,2,2,Don't Go Breaking My Heart / Elton John & Kiki Dee
heaven | emeli sande,2,1,Heaven / Emeli Sandé
white rabbit | emiliana torrini,2,2,White Rabbit / Emiliana Torrini
sweet dreams | emily browning,2,2,Sweet Dreams (Are Made of This) / Emily Browning
dead things | emiliana torrini,2,1,Dead Things / Emilíana Torrini
to be free | emiliana torrini,2,1,To Be Free / Emilíana Torrini
wednesdays child | emiliana torrini,2,1,Wednesday's Child / Emilíana Torrini
locomotive breath | emma nobbe,2,2,Locomotive Breath (Live) / Emma Nobbe
royals emmanuelle | emmanuelle,2,2,Royals (Cover) - Emmanuelle / Emmanuelle
royals | emmanuelle and clara benin,2,2,Royals / Emmanuelle & Clara Benin
empty files angel live | empty files,2,2,Empty Files - Angel (Massive Attack Cover) - Live (Bilbao Aste Nagusia 2015) / Empty Files
a little respect | erasure,2,2,A Little Respect / Erasure
into fire | erin mccarley,2,2,Into the Fire / Erin McCarley
here comes rain again | eurythmics,2,2,Here Comes The Rain Again / Eurythmics
sweet dreams | eurythmics,3,3,Sweet Dreams / Eurythmics
angel | euthymia,3,3,Angel / Euthymia
alison | everything but girl,2,2,Alison / Everything But The Girl
missing | everything but girl,3,3,Missing / Everything But The Girl
dont leave | faithless,2,2,Don't Leave / Faithless
sean hayes this must be place | fast atmosphere,2,2,"Sean Hayes - ""This Must Be The Place (Naive Melody) / Fast Atmosphere"
hayling | fc kahuna,4,4,Hayling / FC Kahuna
hayling | fc kahuna hafdis huld,2,2,"Hayling / FC Kahuna, Hafdis Huld"
superman | fearless soul,2,2,Superman (It's Not Easy) / Fearless Soul
hey man nice shot | filter,2,2,Hey Man Nice Shot / Filter
chain | fleetwood mac,2,2,The Chain / Fleetwood Mac
 | fleur,2,1,Шелкопряд / Fleur
crave you | flight facilities,2,2,Crave You (Adventure Club Remix) / Flight Facilities
safe and sound | flora martinez,2,2,Safe and Sound / Flora Martinez
 | flur,2,1,Шелкопряд / Flёur
relax | frankie goes to hollywood,2,2,Relax / Frankie Goes To Hollywood
welcome to pleasuredome | frankie goes to hollywood,3,3,Welcome To The Pleasuredome / Frankie Goes To Hollywood
ready to go | frantic romantic,2,2,Ready to Go / Frantic Romantic
linger | freedom fry,2,2,Linger / Freedom Fry
dont stop believin | freedom orchestra,2,2,DON'T STOP BELIEVIN / freedom orchestra
royals | fresh big mouf and kina grannis,2,2,Royals / Fresh Big Mouf & Kina Grannis
erase rewind | friday night at movies,2,2,Erase/Rewind - (From 'Never Been Kissed') / Friday Night At The Movies
head over heels | gabriella rose,2,2,Head Over Heels / Gabriella Rose
if it makes you happy | gabrielle aplin,2,2,If It Makes You Happy / Gabrielle Aplin
mayonaise smashing pumpkins | gabzito,2,2,Mayonaise - Smashing Pumpkins (acoustic cover) / Gabzito
1 crush | garbage,2,3,#1 Crush / Garbage
only happy when it rains | garbage,1,2,Only Happy When It Rains / Garbage
dream weaver | gary wright,2,2,Dream Weaver / Gary Wright
abcdefu | gayle,3,3,abcdefu / GAYLE
wicked game | gemma hayes,2,2,Wicked Game / Gemma Hayes
desire | gene loves jezebel,3,3,Desire / Gene Loves Jezebel
under milky way | george,2,2,Under the Milky Way / George
dont stop believin | george lamond,2,2,Don't Stop Believin' (Radio Edit) / George Lamond
running up that hill | georgia,2,2,Running Up That Hill / Georgia
trouble | ghetto blaster ltd,2,2,Trouble / Ghetto Blaster Ltd.
wanted dead or alive | giulia grisetti,2,2,Wanted Dead or Alive / Giulia Grisetti
this corrosion | godhead,2,2,This Corrosion / Godhead
dont change | goo goo dolls,2,2,Don't Change / Goo Goo Dolls
million miles away | goo goo dolls,2,2,Million Miles Away / Goo Goo Dolls
el manana | gorillaz,2,2,El Manana / Gorillaz
santa maria | gotan project,2,2,Santa Maria (del Buen Ayre) / Gotan Project
maneater | grace mitchell,2,2,Maneater / Grace Mitchell
guilty | gravity kills,6,6,Guilty / Gravity Kills
man in mirror | greg steinfeld,3,3,Man in the Mirror / Greg Steinfeld
everybody wants you | gretchen wilson,2,2,Everybody Wants You / Gretchen Wilson
pure imagination | griff,2,2,Pure Imagination / Griff
at river | groove armada,2,2,At the River / Groove Armada
my friend | groove armada,2,2,My Friend / Groove Armada
talking in your sleep | groove da praia,2,2,Talking in Your Sleep (Bossa Nova Mix) / Groove Da Praia
rhythm of night | groove da praia,2,2,The Rhythm of the Night / Groove Da Praia
send me an angel | gunship,2,2,Send Me an Angel / GUNSHIP
somewhere only we know | gustixa,2,2,Somewhere Only We Know / Gustixa
somewhere only we know | gustixa and rhianne,2,2,Somewhere Only We Know / Gustixa & Rhianne
livin on a prayer | hailey green,2,2,Livin' on a Prayer / Hailey Green
these boots are made for walkin | haley reinhart,2,2,These Boots Are Made for Walkin / Haley Reinhart
you want love | half a person,2,2,You Want Love (Pleasure Club acoustic cover) / Half a Person
truth | handsome boy modeling school,3,3,The Truth / Handsome Boy Modeling School
counting stars | hannah trigwell,2,2,Counting Stars / Hannah Trigwell
dont speak | hannah trigwell,2,2,Don't Speak / Hannah Trigwell
latch | hannah trigwell,3,3,Latch / Hannah Trigwell
pompeii | hannah trigwell,2,2,Pompeii / Hannah Trigwell
royals | hannah trigwell,3,3,Royals (feat. Ebony Day) / Hannah Trigwell
scientist | hannah trigwell,2,2,The Scientist / Hannah Trigwell
too close | hannah trigwell,2,2,Too Close / Hannah Trigwell
torn | hannah trigwell,2,2,Torn (feat. Alex Goot) / Hannah Trigwell
torn | hannah trigwell and alex goot,2,2,Torn / Hannah Trigwell & Alex Goot
royals | hannah trigwell and ebony day,2,2,Royals / Hannah Trigwell & Ebony Day
drive incubus cover hayley legg | hayley legg,2,2,Drive - Incubus Cover - Hayley Legg / Hayley Legg
roads portishead cover | hayley richman,2,2,Roads - Portishead Cover / Hayley Richman
teardrop | hayley williams,2,2,Teardrop / Hayley Williams
blue monday | health,2,2,Blue Monday / HEALTH
dont stop believin | heather nova,2,2,Don't Stop Believin / Heather Nova
fragile | heather nova,2,2,Fragile / Heather Nova
im on fire | heather nova,3,3,I'm on Fire / Heather Nova
never gonna give you up | heather nova,2,2,Never Gonna Give You Up / Heather Nova
stayin alive | heather nova,2,2,Stayin' Alive / Heather Nova
wicked game | heather nova,2,2,Wicked Game / Heather Nova
mad about you | hellfire society,2,2,Mad About You / Hellfire Society
died in your arms | hidden citizens,3,3,(I Just) Died In Your Arms (Epic Trailer Version) / Hidden Citizens
paint it black | hidden citizens,4,4,Paint It Black / Hidden Citizens
lost hours this must be place | high tribe,2,2,The Lost Hours - This Must Be The Place (Talking Heads Cover) / High Tribe
send me an angel | highly suspect,2,2,Send Me an Angel / Highly Suspect
2 wicky | hooverphonic,3,3,2 Wicky / Hooverphonic
eden | hooverphonic,4,4,Eden / Hooverphonic
mad about you | hooverphonic,3,3,Mad About You / Hooverphonic
no one is to blame | howard jones,2,2,No One Is to Blame / Howard Jones
what is love | howard jones,2,2,What Is Love? / Howard Jones
do i wanna know | hozier,4,4,Do I Wanna Know? / Hozier
daydream in blue | i monster,2,2,Daydream In Blue / I Monster
hey jude | imaginary future,3,3,Hey Jude (feat. Kina Grannis) / Imaginary Future
this must be place | imaginary future,2,2,This Must Be the Place (Naive Melody) / Imaginary Future
what a wonderful world | imaginary future,2,2,What a Wonderful World / Imaginary Future
radioactive | imagine dragons,2,2,Radioactive / Imagine Dragons
drive | incubus,2,2,Drive / Incubus
careless whisper | indiana,2,2,Careless Whisper / Indiana
into dust | indigo raven,3,3,Into Dust / Indigo Raven
elegantly wasted | inxs,2,2,Elegantly Wasted / INXS
need you tonight | inxs,2,2,Need You Tonight / INXS
time after time | iron and wine,2,2,Time After Time / Iron & Wine
its my life | ituana,2,2,It's My Life / Ituana
edge of ocean | ivy,5,5,Edge of the Ocean / Ivy
mazzy star into dust cover | ivy rose,2,2,Mazzy Star - Into Dust cover / Ivy Rose
crazy | j2,3,3,Crazy (feat. StarGzrLily) / J2
careless whisper | jackie murray,2,2,Careless Whisper / Jackie Murray
where is my mind | jada facer,3,3,Where Is My Mind? / Jada Facer
american dream | jakatta,3,3,American Dream / Jakatta
black betty | jam in van,2,2,"Black Betty (Live Session, Los Angeles, CA, 2017) / Jam in the Van"
delirians give a little bit jaminthevan | jam in van,2,2,"THE DELIRIANS - ""Give A Little Bit"" (Live at JITVHQ in Los Angeles, CA 2018) #JAMINTHEVAN / Jam In The Van"
supermans song | james olson,2,2,Superman's Song / James Olson
higher love | james vincent mcmorrow,2,2,Higher Love / James Vincent McMorrow
wicked game | james vincent mcmorrow,3,3,Wicked Game / James Vincent McMorrow
i try | jasmine thompson,2,2,I Try / Jasmine Thompson
mad world | jasmine thompson,2,2,Mad World / Jasmine Thompson
carnivale theme | jeff beal,2,1,Carnivàle Theme / Jeff Beal
kip winger | jeff stinco,2,2,Kip Winger / Jeff Stinco
i go to sleep | jem,2,2,I Go to Sleep / Jem
running up that hill | jem,2,2,Running Up That Hill / Jem
torn | jennel garcia,2,2,Torn / Jennel Garcia
dreams | jenny and tyler,3,3,Dreams (feat. Jj Heller) / Jenny & Tyler
i still havent found what im looking for | jenny and tyler,3,3,I Still Haven't Found What I'm Looking for (feat. Sara Groves) / Jenny & Tyler
scientist | jenny and tyler,2,2,The Scientist / Jenny & Tyler
tonight tonight | jenny and tyler,3,3,"Tonight, Tonight (feat. Levi Weaver) / Jenny & Tyler"
are you gonna be my girl | jet,2,2,Are You Gonna Be My Girl / Jet
locomotive breath | jethro tull,2,2,Locomotive Breath / Jethro Tull
total eclipse of heart | jill andrews,2,2,Total Eclipse of the Heart / Jill Andrews
i love rock n roll | joan jett,2,2,I love rock n roll / Joan Jett
wild world | joanna wang,3,3,Wild World / Joanna Wang
bohemian rhapsody | john adams,3,3,Bohemian Rhapsody / John Adams
come together | john lennon,2,2,Come Together / John Lennon
jose gonzalez | john mellencamp,2,1,José González / John Mellencamp
folsom prison blues | johnny cash,2,2,Folsom Prison Blues / Johnny Cash
get rhythm | johnny cash,2,2,Get Rhythm / Johnny Cash
ring of fire | johnny cash,2,2,Ring of Fire / Johnny Cash
into dust mazzy star | jordinlaine,2,2,Into Dust - Mazzy Star (JordinLaine Acoustic Cover) / JordinLaine
high and dry | jorge drexler,2,2,High and Dry / Jorge Drexler
dont dream its over | josh franklin,2,2,Don't Dream It's Over / Josh Franklin
feliz navidad | jose feliciano,2,1,Feliz Navidad / José Feliciano
hand on your heart | jose gonzalez,2,1,Hand On Your Heart / JOSÉ GONZÁLEZ
heartbeats | jose gonzalez,2,1,Heartbeats / JOSÉ GONZÁLEZ
dont stop believin | journey,2,2,Don't Stop Believin / Journey
enjoy silence | joy williams,3,3,Enjoy the Silence / Joy Williams
dancing in moonlight | jubel,4,4,Dancing In The Moonlight (feat. NEIMY) / Jubel
breaking law | judas priest,2,2,Breaking the Law / Judas Priest
youve got another thing comin | judas priest,1,2,You've Got Another Thing Comin / Judas Priest
ahead over heels | judith alegarbes,2,2,AHead Over Heels / Judith Alegarbes
missing you | judith alegarbes,2,2,Missing You / Judith Alegarbes
no one is to blame | jules larson,2,2,No One Is to Blame / Jules Larson
conga fury | juno reactor,2,2,Conga Fury / Juno Reactor
tulien tuli | jaaportit,2,1,Tulien tuli / Jääportit
not an addict | ks choice,2,2,Not an Addict / K's Choice
smells like teen spirit | kairo,2,2,Smells Like Teen Spirit (Cinematic Cover) / Kairo
carry on wayward son | kansas,2,2,Carry On Wayward Son / Kansas
get lucky | karen souza,2,2,Get Lucky / Karen Souza
yellow | karizma duo,2,2,Yellow / Karizma Duo
underdog | kasabian,2,2,Underdog / Kasabian
running up that hill | kate bush,2,2,Running Up That Hill / Kate Bush
just like heaven | katie melua,2,2,Just Like Heaven / Katie Melua
running up that hill | kawehi,2,2,Running Up That Hill / Kawehi
reaper | keep shelly in athens,2,2,(Don't Fear) the Reaper / Keep Shelly in Athens
needle and damage done | kelley suttenfield,2,2,The Needle and the Damage Done / Kelley Suttenfield
linger | kiesa keller,2,2,Linger / Kiesa Keller
running up that hill | kim petras,2,2,Running Up That Hill / Kim Petras
cant help falling in love | kina grannis,2,2,Can't Help Falling in Love / Kina Grannis
cannonball | kina grannis,2,2,Cannonball / Kina Grannis
chandelier | kina grannis,2,2,Chandelier / Kina Grannis
creep | kina grannis,2,2,Creep / Kina Grannis
fields of gold | kina grannis,2,2,Fields of Gold / Kina Grannis
firework | kina grannis,2,2,Firework / Kina Grannis
gangstas paradise | kina grannis,2,2,Gangsta's Paradise / Kina Grannis
iris | kina grannis,2,2,Iris / Kina Grannis
kiss me | kina grannis,2,2,Kiss Me / Kina Grannis
oops i did it again | kina grannis,2,2,Oops!... I Did It Again / Kina Grannis
rolling in deep | kina grannis,2,2,Rolling in the Deep / Kina Grannis
royals | kina grannis,2,2,Royals (feat. Fresh Big Mouf) / Kina Grannis
say something | kina grannis,2,2,Say Something / Kina Grannis
stressed out | kina grannis,2,2,Stressed Out / Kina Grannis
middle | kina grannis,2,2,The Middle / Kina Grannis
use somebody | kina grannis,2,2,Use Somebody / Kina Grannis
yellow | kina grannis,2,2,Yellow / Kina Grannis
send her my love | kip winger,2,2,Send Her My Love / Kip Winger
spirit of radio | kip winger and friends,2,2,Spirit of the Radio / Kip Winger & friends
this must be place | kishi bashi,2,2,This Must Be the Place (Naive Melody) / Kishi Bashi
detroit rock city | kiss,2,2,Detroit Rock City / KISS
died in your arms | komodo,3,3,(I Just) Died In Your Arms (Original Extended Mix) / Komodo
run 2 you | komodo,2,2,Run 2 You (feat. Courtney Drummey) / Komodo
run to you | komodo,2,2,Run to You / Komodo
send me an angel | komodo,2,2,Send me an Angel / Komodo
la femme dargent a veces no da | la femme d argent,2,2,La Femme D'Argent - A veces no da (versión acústica ) / La Femme D´Argent
bad romance | lady gaga,4,4,Bad Romance / Lady Gaga
wouldnt it be good | lady socket,2,2,Wouldn't It Be Good? (Chill Mix) / Lady Socket
gabriel | lamb,2,2,Gabriel / Lamb
gorecki | lamb,2,2,Gorecki / Lamb
run | lane 8 and kasablanca run,3,3,Run / Lane 8 & Kasablanca Run
run | lane 8 kasablanca,3,3,"Run / Lane 8, Kasablanca"
black dog | led zeppelin,2,2,Black Dog / Led Zeppelin
steal my sunshine | len,2,2,Steal My Sunshine / Len
black hole sun | lena hall,2,2,Black Hole Sun / Lena Hall
fell on black days | lena hall,2,2,Fell on Black Days / Lena Hall
glory box | lena hall,2,2,Glory Box / Lena Hall
in your eyes | lena hall,2,2,In Your Eyes / Lena Hall
sledgehammer | lena hall,2,2,Sledgehammer / Lena Hall
somebody | lena hall,2,2,Somebody / Lena Hall
sunshower | lena hall,2,2,Sunshower / Lena Hall
glory box | lena hall and justin craig,2,2,Glory Box / Lena Hall & Justin Craig
kashmir | les friction,2,2,Kashmir / Les Friction
all star jam | less than face productions,2,2,"All Star Jam ft. Sierra Hull on Collective Soul's ""Shine"" Grey Fox 2023 / Less Than Face Productions"
something about you | level 42,4,4,Something About You / Level 42
forever young | lily kershaw,2,2,Forever Young / Lily Kershaw
dont change | limp bizkit,2,2,Don't Change / Limp Bizkit
funkytown | lipps inc,2,2,Funkytown (Single Version) / Lipps Inc.
stay | lisa loeb,2,2,Stay / Lisa Loeb
dreams | lissie,3,3,Dreams / Lissie
go your own way | lissie,2,2,Go Your Own Way / Lissie
moon | little people,2,2,Moon / Little People
start shootin | little people,2,2,Start Shootin / Little People
cool change | little river band,2,2,Cool Change / Little River Band
dance hall days | lizette,2,2,Dance Hall Days / Lizette
dance hall days | lizette and bossart ensemble,2,2,Dance Hall Days / Lizette & BossArt Ensemble
big log | local h,2,2,Big Log / Local H
brandy | local h,2,2,Brandy (You're a Fine Girl) / Local H
dreaming | local h,2,2,Dreaming / Local H
hackensack | local h,2,2,Hackensack / Local H
here comes rain again | local h,2,2,Here Comes the Rain Again / Local H
strangers | local h,2,2,Strangers / Local H
ugly sunday | local h,2,2,Ugly Sunday / Local H
when doves cry | local h,5,5,When Doves Cry / Local H
when doves cry | local h and local hs awesome quarantine mix tape 3,2,2,When Doves Cry (Acoustic) / Local H & Local H's Awesome Quarantine Mix-Tape #3
wouldnt it be good | lost luggage,2,2,Wouldn't It Be Good / Lost Luggage
6 underground | lost souls,2,2,6 underground / Lost souls
sex | lovage,2,2,Sex (I'm A) / Lovage
stroker ace | lovage,2,2,Stroker Ace / Lovage
ashes to ashes | lovers and poets,2,2,Ashes to Ashes / Lovers & Poets
somebody that i used to know | lovinc,2,2,Somebody That I Used to Know / LoVinc
one | luciana zogbi and gianfranco casanova,2,2,One / Luciana Zogbi & Gianfranco Casanova
wicked game | lusaint,2,2,Wicked Game / Lusaint
unchained melody | lykke li,2,2,Unchained Melody / Lykke Li
radioactive | macy kate,3,3,Radioactive / Macy Kate
royals | macy kate,2,2,Royals (feat. April Lockhart) / Macy Kate
royals | madilyn bailey,2,2,Royals / Madilyn Bailey
royals | madilyn bailey and megan nicole,2,2,Royals / Madilyn Bailey & Megan Nicole
crazy for you | madonna,2,2,Crazy for You / Madonna
needle and damage done | marcy playground,3,3,The Needle and the Damage Done / Marcy Playground
rain song | maria cueto,2,2,The Rain Song / Maria Cueto
beautiful people | marilyn manson,2,2,The Beautiful People / Marilyn Manson
toy soldiers | martika,2,2,Toy Soldiers / Martika
life in mono | masqa srx4wvjqjwl,2,2,Life in Mono / Masqa$$$_Srx4WVJqJWL
angel | massive attack,10,10,Angel / Massive Attack
antistar | massive attack,2,2,Antistar / Massive Attack
black milk | massive attack,2,2,Black Milk / Massive Attack
butterfly caught | massive attack,4,4,Butterfly Caught / Massive Attack
dissolved girl | massive attack,2,2,Dissolved Girl / Massive Attack
karmacoma | massive attack,2,2,Karmacoma / Massive Attack
mezzanine | massive attack,2,2,Mezzanine / Massive Attack
paradise circus | massive attack,2,2,Paradise Circus / Massive Attack
protection | massive attack,4,4,Protection / Massive Attack
safe from harm | massive attack,3,3,Safe From Harm / Massive Attack
teardrop | massive attack,2,2,Teardrop / Massive Attack
angel | massive attack and singles collection,2,2,Angel (Blur Remix) (feat. Horace Andy) / Massive Attack & Singles Collection
safe from harm | massive attack shara nelson,2,2,"Safe From Harm (2012 Mix/Master) / Massive Attack, Shara Nelson"
3 a m | matchbox twenty,2,2,3 A.M. / Matchbox Twenty
mad about you | matt forbes,2,2,Mad About You / Matt Forbes
do i wanna know | max tanner,2,2,Do I Wanna Know? / Max Tanner
mayonaise | mayonaise smashing pumpkins,2,2,Mayonaise / Mayonaise - Smashing Pumpkins (acoustic cover)
fade into you | mazzy universe,2,2,Fade Into You / Mazzy Universe
beachy head | mechanical me,2,2,Beachy Head / Mechanical Me
call me acoustic | megan nicole,2,2,Call Me - Acoustic / Megan Nicole
linger acoustic | megan nicole,2,2,Linger - Acoustic / Megan Nicole
just cant get enough | megan wyler,2,2,Just Can't Get Enough / Megan Wyler
have yourself a merry little christmas | mel torme,2,1,Have Yourself a Merry Little Christmas (Voice) / Mel Tormé
christmas song | mel torme,2,1,The Christmas Song (Chestnuts Roasting On an Open Fire) / Mel Tormé
black sheep | metric,2,2,Black Sheep / Metric
help im alive | metric,1,2,Help I'm Alive / Metric
under milky way | metric,2,2,Under the Milky Way / Metric
wouldnt it be good | michael monroe,2,2,Wouldn't It Be Good / Michael Monroe
yellow | michael schulte,3,3,Yellow / Michael Schulte
boogie woogie bugle boy | michelle creber,2,2,Boogie Woogie Bugle Boy / Michelle Creber
thriller | michelle creber,2,2,Thriller / Michelle Creber
wanted dead or alive | michelle creber,2,2,Wanted Dead or Alive / Michelle Creber
thriller | michelle creber and black gryph0n,2,2,Thriller / Michelle Creber & Black Gryph0n
man who sold world | midge ure,2,2,The Man Who Sold the World / Midge Ure
into dust | mike haysom,2,2,Into Dust / Mike Haysom
wanted dead or alive | mike masse,3,3,Wanted Dead or Alive / Mike Masse
1 crush | mikes dead,2,2,#1 Crush / Mike's Dead
angel | mikka,3,3,Angel (Regravacao) / Mikka
this must be place | miles fisher,2,2,This Must Be the Place / Miles Fisher
no one is to blame | mindy smith,2,2,No One Is to Blame / Mindy Smith
n w o | ministry,2,2,N.W.O. / Ministry
daft punk get lucky | miracles of modern science,2,2,Daft Punk - Get Lucky (Miracles of Modern Science cover) / Miracles of Modern Science
miry mad about you rock cover | miry,3,3,MIRY - Mad About You (Hooverphonic) Rock Cover / Miry
1 crush | miss krystle,2,2,#1 Crush / Miss Krystle
6 underground | miss krystle,2,2,6 Underground / Miss Krystle
walking in l a | missing persons,2,2,Walking in L.A. / Missing Persons
extreme ways | moby,2,2,Extreme Ways / Moby
sing it back | moloko,2,2,Sing It Back / Moloko
time is now | moloko,2,2,The Time Is Now / Moloko
life in mono | mono,12,12,Life in Mono / Mono
life in mono | mono and life in mono,3,3,Life in Mono (Alice Band Mix) / Mono & Life In Mono
world looking in | morcheeba,2,2,World Looking In / Morcheeba
video killed radio star | morgan harper jones,3,3,Video Killed the Radio Star / Morgan Harper-Jones
sledgehammer by peter gabriel | morgan james,2,2,Sledgehammer by Peter Gabriel (Morgan James cover) / Morgan James
as rush comes | motorcycle,6,6,As the Rush Comes / Motorcycle
we have a map of piano | mum,2,2,We Have A Map Of The Piano / Mum
avalon | murray head,2,2,Avalon / Murray Head
beds are burning | murray head,2,2,Beds Are Burning / Murray Head
games people play | murray head,2,2,Games People Play / Murray Head
missing | murray head,2,2,Missing / Murray Head
how deep is your love | music travel love,2,2,How Deep Is Your Love / Music Travel Love
roads | my dying bride,2,2,Roads / My Dying Bride
send me an angel | mythos n dj cosmo,2,2,Send Me an Angel (Radio Edit) / Mythos 'N DJ Cosmo
kickstart my heart skid row | motley crue,2,1,Kickstart My Heart Skid Row / Mötley Crüe
live wire | motley crue,2,1,Live Wire / Mötley Crüe
looks that kill | motley crue,2,1,Looks That Kill / Mötley Crüe
mr brownstone | motley crue,2,1,Mr. Brownstone / Mötley Crüe
my ever changing moods | motley crue,2,1,My Ever Changing Moods / Mötley Crüe
too young to fall in love | motley crue,2,1,Too Young to Fall in Love / Mötley Crüe
careless whisper | nataly dawn,2,2,Careless Whisper / Nataly Dawn
edelweiss | nataly dawn,2,2,Edelweiss / Nataly Dawn
stayin alive | nataly dawn,2,2,Stayin' Alive / Nataly Dawn
rebel yell | nervous nature,2,2,Rebel Yell / Nervous Nature
bizarre love triangle | new order,3,3,Bizarre Love Triangle / New Order
blue monday | new order,2,2,Blue Monday / New Order
blue oyster cult | new order,2,1,Blue Öyster Cult / New Order
true faith | new order,2,2,True Faith / New Order
wouldnt it be good | nik kershaw,2,2,Wouldn't It Be Good / Nik Kershaw
closer | nine inch nails,2,2,Closer / Nine Inch Nails
down in it | nine inch nails,3,3,Down in It / Nine Inch Nails
dont speak | no doubt,2,2,Don't Speak / No Doubt
pieces of you | nothing nowhere,2,2,"Pieces of You / nothing,nowhere."
swiss army romance | nothing nowhere,3,3,"Swiss Army Romance / nothing,nowhere."
bizarre love triangle | nouvelle vague,3,3,Bizarre Love Triangle / Nouvelle Vague
dancing with myself | nouvelle vague,3,3,Dancing with Myself / Nouvelle Vague
heart of glass | nouvelle vague,2,2,Heart of Glass / Nouvelle Vague
i melt with you | nouvelle vague,3,3,I Melt with You / Nouvelle Vague
just cant get enough | nouvelle vague,3,3,Just Can't Get Enough / Nouvelle Vague
making plans for nigel | nouvelle vague,3,3,Making Plans for Nigel / Nouvelle Vague
master and servant | nouvelle vague,3,3,Master and Servant / Nouvelle Vague
champagne supernova | oasis,2,2,Champagne Supernova / Oasis
dont look back in anger | oasis,2,2,Don't Look Back in Anger / Oasis
say my name | odesza,2,2,Say My Name (feat. Zyra) / ODESZA
last goodbye | odesza,2,2,The Last Goodbye (feat. Bettye LaVette) / ODESZA
glory box | olivia colman,2,2,Glory Box / Olivia Colman
every breath you take | olivia penalva,3,3,Every Breath You Take (feat. Windmills) / Olivia Penalva
how bizarre | omc,2,2,How Bizarre / OMC
mary leay owner of a lonely heart ont sofa gibson sessions | ont sofa,2,2,Mary Leay - Owner Of A Lonely Heart (Yes Cover) - Ont' Sofa Gibson Sessions / Ont' Sofa
blue monday | orgy,4,4,Blue Monday / Orgy
owel time to pretend | owel,2,2,OWEL - Time to Pretend (MGMT Cover) / OWEL
erase and rewind | ozgur ozkan,2,2,Erase and Rewind / Ozgur Ozkan
never tear us apart | paloma faith,2,2,Never Tear Us Apart / Paloma Faith
yellow | parachutes,2,2,Yellow / Parachutes
sleepyhead | passion pit,3,3,Sleepyhead / Passion Pit
sierra hull mad world delfest cumberland md 5 28 22 | paste magazine,2,2,"Sierra Hull - Mad World (Tears For Fears) - DelFest - Cumberland, MD - 5/28/22 / Paste Magazine"
smells like teen spirit | patti smith,2,2,Smells Like Teen Spirit / Patti Smith
another one bites dust | paul jockey,2,2,Another One Bites The Dust / Paul Jockey
another one bites dust | paul jockey and dannie mercury,2,2,Another One Bites the Dust / Paul Jockey & Dannie Mercury
ready steady go | paul oakenfold,3,3,Ready Steady Go / Paul Oakenfold
lose yourself | paul young,2,2,Lose Yourself / Paul Young
black | pearl jam,2,2,Black / Pearl Jam
sunny mornings | peder b helland,2,2,Sunny Mornings / Peder B. Helland
trust me | peder b helland,2,2,Trust Me / Peder B. Helland
little miss cypher | pepe deluxe,2,1,Little Miss Cypher / Pepe Deluxé
lying peacefully | pepe deluxe,2,1,Lying Peacefully / Pepe Deluxé
opportunities | pet shop boys,2,2,Opportunities (Let's Make Lots of Money) [2001 Remaster] / Pet Shop Boys
dont dream its over | pete palazzolo,2,2,Don't Dream It's Over / Pete Palazzolo
head over heels | pete palazzolo,2,2,Head Over Heels / Pete Palazzolo
digging in dirt | peter gabriel,3,3,Digging In the Dirt / Peter Gabriel
dont give up | peter gabriel,4,4,Don't Give Up / Peter Gabriel
when im small | phantogram,3,3,When I'm Small / Phantogram
easy lover | phil collins,2,2,Easy Lover / Phil Collins
driving me mad | phil kominski,2,2,Driving Me Mad / Phil Kominski
fake plastic trees | phoebe bridgers and arlo parks,2,2,Fake Plastic Trees / Phoebe Bridgers & Arlo Parks
electrical storm | pineo and loeb,2,2,Electrical Storm / PINEO & LOEB feat. Christina Rotondo
use somebody | pixie lott,2,2,Use Somebody / Pixie Lott
here comes your man | pixies,2,2,Here Comes Your Man / Pixies
where is my mind | placebo,2,2,Where Is My Mind? / Placebo
stories | play game,2,2,stories / Play the Game
another one bites dust | pomplamoose,2,2,Another One Bites the Dust / Pomplamoose
everybody wants to rule world | pomplamoose,2,2,Everybody Wants to Rule the World / Pomplamoose
harder better faster stronger | pomplamoose,2,2,"Harder, Better, Faster, Stronger / Pomplamoose"
im still standing | pomplamoose,2,2,I'm Still Standing / Pomplamoose
lisztomania | pomplamoose,2,2,Lisztomania / Pomplamoose
lovefool | pomplamoose,2,2,Lovefool / Pomplamoose
mr blue sky | pomplamoose,2,2,Mr. Blue Sky / Pomplamoose
glory box | portishead,3,3,Glory Box / Portishead
plastic | portishead,3,3,Plastic / Portishead
roads | portishead,3,3,Roads / Portishead
sour times | portishead,3,3,Sour Times / Portishead
feel it still | portugal man,2,2,Feel It Still / Portugal. The Man
do i wanna know | postcards,2,2,Do I Wanna Know (Acoustic) / Postcards
mr blue sky | postmodern jukebox,3,3,Mr. Blue Sky / Postmodern Jukebox
spybreak | propellerheads,2,2,Spybreak! / Propellerheads
funky town | pseudo echo,2,2,Funky Town / Pseudo Echo
send me an angel | pseudo echo,2,2,Send Me an Angel / Pseudo Echo
under pressure | queen,2,2,Under Pressure / Queen
drive | r e m,2,2,Drive / R.E.M.
its end of world as we know it | r e m,2,2,It's the End of the World as We Know It / R.E.M.
creep | radiohead,3,3,Creep / Radiohead
fake plastic trees | radiohead,2,2,Fake Plastic Trees / Radiohead
spellbound | rae and christian,2,2,Spellbound (feat. Veba) / Rae & Christian
du hast | rammstein,3,3,Du hast / Rammstein
no 1 crush | random parade,2,2,No. 1 Crush / Random Parade
nouvelle vague | rarities,2,2,Nouvelle Vague / Rarities
wanted dead or alive | ravn,2,2,Wanted Dead or Alive / RAVN
into dust mazzy star my autumn | rebecca need menear,2,2,Into Dust - Mazzy Star (Cover) | my autumn / Rebecca Need-Menear
somewhere only we know | rhianne,2,2,Somewhere Only We Know / rhianne
6 underground | riccoste,2,2,6 Underground (feat. I-EM) / Riccoste
affair of heart | rick springfield,2,2,Affair of the Heart / Rick Springfield
you make my dreams | riley pearce and gabrielle aplin,2,2,You Make My Dreams (Come True) / Riley Pearce & Gabrielle Aplin
machine pour les oreilles | rinocerose,2,1,Machine pour les oreilles / Rinôçérôse
a beautiful mine | rjd2,2,2,A Beautiful Mine / RJD2
big log | robert plant,3,3,Big Log / Robert Plant
o pedido | roberta sa,2,1,O Pedido / Roberta Sá
samba de um minuto | roberta sa,2,1,Samba De Um Minuto / Roberta Sá
wouldnt it be good | roby,2,2,Wouldn't It Be Good / Roby
lose yourself | robyn adele anderson,3,3,Lose Yourself / Robyn Adele Anderson
paint it black | robyn adele anderson,2,2,"Paint It, Black / Robyn Adele Anderson"
take me out | robyn adele anderson,2,2,Take Me Out / Robyn Adele Anderson
in between days | rogue wave,2,2,In Between Days / Rogue Wave
let my love open door | rogue wave,2,2,Let My Love Open the Door / Rogue Wave
talking in your sleep | rogue wave,2,2,Talking in Your Sleep / Rogue Wave
thats all | rogue wave,2,2,That's All / Rogue Wave
under milky way | rogue wave,2,2,Under the Milky Way / Rogue Wave
spirit of radio | rush,2,2,Spirit of Radio / Rush
wonderwall | ryan adams,2,2,Wonderwall / Ryan Adams
under pressure | ryan fine,2,2,Under Pressure / Ryan Fine
a higher place | royksopp,2,1,A Higher Place / Röyksopp
in space | royksopp,2,1,In Space / Röyksopp
monument | royksopp,2,1,Monument (The Inevitable End Version) (feat. Robyn) / Röyksopp
oh lover | royksopp,2,1,"Oh, Lover (feat. Susanne Sundfør) / Röyksopp"
only this moment | royksopp,2,1,Only This Moment / Röyksopp
poor leno | royksopp,2,1,Poor Leno / Röyksopp
remind me radio edit | royksopp,2,1,Remind Me - Radio Edit / Röyksopp
running to sea | royksopp,2,1,Running To The Sea (feat. Susanne Sundfør) / Röyksopp
so easy | royksopp,2,1,So Easy / Röyksopp
sparks | royksopp,2,1,Sparks / Röyksopp
stay awhile | royksopp,2,1,Stay Awhile (feat. Susanne Sundfør) / Röyksopp
tristesse globale | royksopp,2,1,Tristesse Globale / Röyksopp
sundream | rufus du sol,2,1,Sundream / RÜFÜS DU SOL
underwater | rufus du sol,2,2,Underwater / RÜFÜS DU SOL
left hand free | safia,3,3,Left Hand Free / SAFIA
same ol situation | saliva,2,2,Same Ol' Situation / Saliva
get lucky | san cisco,3,3,Get Lucky / San Cisco
goodbye yellow brick road | sara bareilles,3,3,Goodbye Yellow Brick Road / Sara Bareilles
change deftones cover | sarah jane,2,2,Change (In the House of Flies) - Deftones Cover / Sarah Jane
i still havent found what im looking for | sarah jarosz,2,2,I Still Haven't Found What I'm Looking For / Sarah Jarosz
clocks | sarah menescal,2,2,Clocks / Sarah Menescal
dont speak | sarah menescal,2,2,Don't Speak / Sarah Menescal
like a prayer | sarah menescal,2,2,Like a Prayer / Sarah Menescal
oh lamour | sarah menescal,2,2,Oh L'amour / Sarah Menescal
acemezni katncg canolmez | saska,2,1,Açemezni Katıncıgı Canölmez / Saska
huraskerten suriskere | saska,2,1,Huraskerten Şuriskere / Saska
stayin alive | say lou lou,2,2,Stayin' Alive / Say Lou Lou
under milky way | say lou lou,2,2,Under the Milky Way / Say Lou Lou
back in black | scary pockets,6,6,Back in Black / Scary Pockets
crazy | scary pockets,3,3,Crazy (feat. Dannielle DeAndrea) / Scary Pockets
dreams | scary pockets,3,3,Dreams (feat. Elise Trouw) / Scary Pockets
i will survive | scary pockets,3,3,I Will Survive (feat. Mario Jose) / Scary Pockets
seven nation army | scary pockets,3,3,Seven Nation Army (feat. Elise Trouw) / Scary Pockets
wild world | scary pockets,3,3,Wild World (feat. Rett Madison) / Scary Pockets
careless whisper | scary pockets,4,4,Careless Whisper / Scary Pockets (ft. Elise Trouw)
stayin alive | scary pockets,4,4,Stayin' Alive / Scary Pockets (ft. Lizzy McAlpine)
wind of change | scorpions,2,2,Wind of Change / Scorpions
this must be place | scott bradlees postmodern jukebox,2,2,This Must Be The Place (feat. Sara Niemietz) / Scott Bradlee's Postmodern Jukebox
viva la vida | scubba,2,2,Viva La Vida (Bossa Version) / Scubba
crazy | seal,2,2,Crazy / Seal
shake disease | seize,2,2,Shake the Disease / Seize
angel | sepultura,3,3,Angel / Sepultura
at night | shakedown,2,2,At Night / Shakedown
first aid kit running up that hill live at rock werchter | sheen gekoo,2,2,First Aid Kit - Running Up That Hill (Kate Bush Cover) live at Rock Werchter / Sheen Gekoo
enter sandman | shel,2,2,Enter Sandman / SHEL
major tom | shiny toy guns,2,2,Major Tom (Coming Home) / Shiny Toy Guns
into dust | shrouded king,2,2,Into Dust / Shrouded King
california dreamin | sia,2,2,California Dreamin / Sia
under milky way | sia,2,2,Under the Milky Way / Sia
unforgettable | sia,2,2,Unforgettable / Sia
viva la vida | sierra eagleson,3,3,Viva la Vida / Sierra Eagleson
shine | sierra hull and all star jam,2,2,Shine / Sierra Hull & All Star Jam
driven to tears | sierra hurtt,2,2,Driven to Tears / Sierra Hurtt
eleanor rigby | sierra hurtt,2,2,Eleanor Rigby / Sierra Hurtt
yellow | sierra hurtt,2,2,"Yellow (From ""Falling Stars"") / Sierra Hurtt"
glosoli | sigur ros,2,1,Glósóli / SIGUR RÓS
hoppipolla | sigur ros,3,2,Hoppipolla / SIGUR RÓS
toy soldiers | silversun pickups,2,2,Toy Soldiers / Silversun Pickups
dont you | simple minds,2,2,Don't You (Forget About Me) / Simple Minds
cities in dust | siouxsie and banshees,3,3,Cities In Dust / Siouxsie And The Banshees
tori kelly crazy seal cover live siriusxm hits 1 | siriusxm hits 1,2,2,"Tori Kelly ""Crazy"" Seal Cover Live @ SiriusXM // Hits 1 / SiriusXM Hits 1"
sixfornine here comes rain again | sixfornine,2,2,SiXforNinE - Here comes the rain again (Eurythmics cover) / SiXforNinE
chasing cars | sleeping at last,2,2,Chasing Cars / Sleeping at Last
every little thing she does is magic | sleeping at last,2,2,Every Little Thing She Does Is Magic / Sleeping at Last
private eyes | sleeping at last,2,2,Private Eyes / Sleeping at Last
glory box | slowthai,2,2,Glory Box / Slowthai
all i need | small is beautiful,2,2,All I Need / Small Is Beautiful
baker street | small is beautiful,2,2,Baker Street / Small Is Beautiful
friday im in love | small is beautiful,3,3,Friday I'm in Love / Small Is Beautiful
logical song | small is beautiful,2,2,Logical Song / Small Is Beautiful
policy of truth | small is beautiful,3,3,Policy of Truth / Small Is Beautiful
red rain | small is beautiful,2,2,Red Rain / Small Is Beautiful
running up that hill | small is beautiful,2,2,Running Up That Hill / Small Is Beautiful
sweet dreams | small is beautiful,2,2,Sweet Dreams / Small Is Beautiful
1979 | smashing pumpkins,2,2,1979 / Smashing Pumpkins
cherub rock | smashing pumpkins,2,2,Cherub Rock / Smashing Pumpkins
eye | smashing pumpkins,2,2,Eye / Smashing Pumpkins
rebel yell | smith and myers,2,2,Rebel Yell / Smith & Myers
how soon is now | snake river conspiracy,2,2,How Soon Is Now? / Snake River Conspiracy
6 underground | sneaker pimps,4,4,6 Underground / Sneaker Pimps
spin spin sugar | sneaker pimps,2,2,Spin Spin Sugar / Sneaker Pimps
chasing cars | snow patrol,2,2,Chasing Cars / Snow Patrol
sofa rockers | sofa surfers,2,2,Sofa Rockers / Sofa Surfers
erase rewind | something real,2,2,Erase / Rewind (Acoustic-Pella) / Something Real
rumblefish | soulsavers,2,2,Rumblefish / Soulsavers
black hole sun | soundgarden,2,2,Black Hole Sun / Soundgarden
billy idol rebel yell | spice shack,2,2,Billy Idol -  Rebel Yell (Live In New York) / Spice Shack
bloodstream | stateless,3,3,Bloodstream / Stateless
safe and sound | stereo dub,2,2,Safe and Sound (feat. Karen Souza) / Stereo Dub
eirt des flun | stervhia,2,1,Eirt des flun / Stervhïa
nit kraet | stervhia,2,1,Nit kraet / Stervhïa
shaut zerk | stervhia,2,1,Shäut zerk (Demo version) / Stervhïa
soeltaar | stervhia,2,1,Soëltaär / Stervhïa
highwayman | steven mcmorran,2,2,Highwayman / Steven McMorran
edge of seventeen | stevie nicks,2,2,Edge of Seventeen / Stevie Nicks
desert rose | sting,3,3,Desert Rose / Sting
wicked game | stone sour,4,4,Wicked Game / Stone Sour
50 ways to leave your lover | stories,3,3,50 Ways To Leave Your Lover (feat. Sarah Dugas) / stories
bad guy | stories,3,3,bad guy (feat. Kenton Chen) / stories
black hole sun | stories,3,3,Black Hole Sun (feat. Jennah Bell) / stories
dancing queen | stories,3,3,Dancing Queen (feat. Lizzy McAlpine) / stories
electric feel | stories,3,3,Electric Feel (feat. Nataly Dawn) / stories
high and dry | stories,3,3,High and Dry (feat. Rett Madison) / stories
pumped up kicks | stories,3,3,Pumped Up Kicks (feat. Therese Curatolo) / stories
middle | stories,3,3,The Middle (feat. Morgan James) / stories
with or without you | stories,3,3,With Or Without You (feat. Morgan James) / stories
play game | stories monica martin and ymusic,2,2,"Play the Game / stories, Monica Martin & yMusic"
cant find my way home | styx,2,2,Can't Find My Way Home / Styx
locomotive breath | styx,2,2,Locomotive Breath / Styx
clumsy | stephane pompougnac,2,1,Clumsy Feat. Michael Stipe / Stéphane Pompougnac
latin cha cha | stephane pompougnac,2,1,Latin cha cha / Stéphane Pompougnac
needle and damage done | sulf,3,3,Needle and the Damage Done / Sulf
axel f | sunlike brothers,3,3,Axel F / Sunlike Brothers
i kissed a girl | sunlike brothers and lanne,2,2,I Kissed a Girl / Sunlike Brothers & LANNÉ
firework | sunlike brothers and max fail,2,2,Firework / Sunlike Brothers & Max Fail
i kissed a girl | sunlike brothers lanne,2,2,"I Kissed A Girl / Sunlike Brothers, LANNe,"
this must be place | sure sure,2,2,This Must Be The Place / Sure Sure
toms diner | suzanne vega,2,2,Tom's Diner / Suzanne Vega
tessellate | sweven mi9pxzz8c2a,2,2,Tessellate / Sweven$$$_mI9pXZz8c2a
weeping willow | sebastien schuller,2,1,Weeping Willow / Sébastien Schuller
la ritournelle | sebastien tellier,2,1,La Ritournelle / Sébastien Tellier
le long de la riviere tendre | sebastien tellier,2,1,Le long de la rivière tendre / Sébastien Tellier
heart and soul | tpau,3,3,Heart And Soul / T'Pau
how soon is now | t a t u,2,3,How Soon Is Now (cover) / t.A.T.u.
sweet child o mine | taken by trees,2,2,Sweet Child o' Mine / Taken by Trees
1 crush | taleen kali,2,2,#1 Crush / Taleen Kali
its my life | talk talk,2,2,It's My Life / Talk Talk
talk talk | talk talk,2,2,Talk Talk / Talk Talk
burning down house | talking heads,3,3,Burning Down the House / Talking Heads
once in a lifetime | talking heads,2,2,Once in a Lifetime / Talking Heads
take me to river | talking heads,2,2,Take Me to the River (2005 Remaster) / Talking Heads
supermans dead tamara weber fillion | tamara weber fillion,2,2,Superman's Dead - Tamara-Weber-Fillion / Tamara Weber-Fillion
royals | taryn southern,2,2,Royals / Taryn Southern
electric feel | tash sultana,3,3,Electric Feel / Tash Sultana
sleeping satellite | tasmin archer,2,2,Sleeping Satellite / Tasmin Archer
ashes to ashes | tears for fears,2,2,Ashes to Ashes / Tears for Fears
everybody wants to rule world | tears for fears,2,2,Everybody Wants To Rule The World / Tears For Fears
head over heels | tears for fears,2,2,Head Over Heels / Tears for Fears
shout | tears for fears,2,2,Shout / Tears For Fears
sowing seeds of love | tears for fears,2,2,Sowing the Seeds of Love / Tears for Fears
dont stop believin | teddy swims,2,2,Don't Stop Believin / Teddy Swims
crazy | teemid,2,2,Crazy (Radio Mix) (feat. Joie Tan) / TEEMID
electric feel | teemid,2,2,Electric Feel / TEEMID
somewhere only we know | teemid,2,2,Somewhere Only We Know / TEEMID
wonderwall | teemid,2,2,Wonderwall / TEEMID
breathe | telepopmusik,4,4,Breathe / Telepopmusik
bad guy | ten second songs,2,2,bad guy / Ten Second Songs
bad guy in style of breaking benjamin | ten second songs,3,3,bad guy in the style of Breaking Benjamin / Ten Second Songs
creep in style of deftones | ten second songs,2,2,Creep in the style of Deftones / Ten Second Songs
korn freak on a leash in style of b b king | ten second songs,2,2,KoRn - Freak On a Leash in the Style of B.B. King / Ten Second Songs
smells like teen spirit | ten second songs,2,2,Smells Like Teen Spirit / Ten Second Songs
welcome to jungle in style of rammstein | tensecondsongs,2,2,Welcome to the Jungle in the style of RAMMSTEIN / TenSecondSongs
games people play | alan parsons project,2,2,Games People Play / The Alan Parsons Project
rain in summertime | alarm,2,2,Rain in the Summertime / The Alarm
video killed radio star | alarm,2,2,Video Killed the Radio Star / The Alarm
beat goes on | all seeing i,2,2,Beat Goes On / The All Seeing I
moments in love | art of noise,2,2,Moments In Love / THE ART OF NOISE
dont change | audreys,2,2,Don't Change / The Audreys
love shack | b 52s,1,2,Love Shack / The B 52's
roam | b 52s,1,2,Roam / The B 52's
royals | baseballs,2,2,Royals / The Baseballs
driving me mad | blue raincoats x7dvgczlmms,2,2,Driving Me Mad / The Blue Raincoats$$$_X7DVGCZlMMs
video killed radio star | buggles,2,2,Video Killed The Radio Star / The Buggles
i still believe | call,2,2,I Still Believe / The Call
and then you kissed me | cardigans,2,2,And Then You Kissed Me / The Cardigans
erase rewind | cardigans,3,3,Erase / Rewind / The Cardigans
for what its worth | cardigans,2,2,For What It's Worth / The Cardigans
block rockin beats | chemical brothers,2,2,Block Rockin' Beats / The Chemical Brothers
under milky way | church,4,4,Under the Milky Way / The Church
all that you give | cinematic orchestra,2,2,All That You Give / The Cinematic Orchestra
sour times | civil wars,2,2,Sour Times / The Civil Wars
rock casbah | clash,2,2,Rock the Casbah / The Clash
mark hollis | colour of spring,2,2,Mark Hollis / The Colour of Spring
dont leave me this way | communards,2,2,Don't Leave Me This Way / The Communards
lady in red | cooltrane quartet,2,2,The Lady in Red / The Cooltrane Quartet
wonderwall | cooltrane quartet,2,2,Wonderwall / The Cooltrane Quartet
bittersweet symphony | crown fort nowhere and emma allaway,2,2,"Bittersweet Symphony / The Crown, Fort Nowhere & Emma Allaway"
name of game | crystal method,2,2,Name Of The Game / The Crystal Method
trip like i do | crystal method,2,2,Trip Like I Do / The Crystal Method
a forest | cure,2,2,A Forest / The Cure
close to me | cure,3,3,Close to Me / The Cure
fascination street | cure,3,3,Fascination Street / The Cure
lovesong | cure,2,2,Lovesong / The Cure
why cant i be you | cure,2,2,Why Can't I Be You? / The Cure
once in a lifetime | cutters jqjjtjqy5mg,2,2,Once In a Lifetime / The Cutters$$$_jqjjtjQY5Mg
stand or fall | fixx,2,2,Stand Or Fall (Re-recorded / Remastered) / The Fixx
gin and juice | gourds,2,2,Gin and Juice / The Gourds
all you zombies | hooters,2,2,All You Zombies / The Hooters
adam levine performs purple rain at howard stern birthday bash on siriusxm | howard stern show,2,2,"Adam Levine Performs ""Purple Rain"" at the Howard Stern Birthday Bash on SiriusXM / The Howard Stern Show"
staves im on fire influences | influences,2,2,The Staves - I'm On Fire (Bruce Springsteen) | The Influences / The Influences
royals by lorde covered by neon jungle for line of best fit | line of best fit,2,2,"Royals"" by Lorde covered by Neon Jungle for The Line of Best Fit / The Line of Best Fit"
creep | macarons project,3,3,Creep / The Macarons Project
send me an angel | megas,2,2,Send Me an Angel / The Megas
sunglasses at night | megas,2,2,Sunglasses at Night / The Megas
sooner or later | mighty high heels,2,2,Sooner or Later / The Mighty High Heels
butterfly on a wheel | mission u k,2,2,Butterfly on a Wheel / The Mission U.K.
wouldnt it be good | molly ringwalds,2,2,Wouldn't It Be Good / The Molly Ringwalds
africa | moon loungers,2,2,Africa / The Moon Loungers
its a sin | moon loungers,2,2,It's a Sin / The Moon Loungers
mr blue sky | moon loungers,3,3,Mr Blue Sky (Acoustic Cover) / The Moon Loungers
rio | moon loungers,2,2,Rio / The Moon Loungers
take on me | moon loungers,2,2,Take on Me / The Moon Loungers
under pressure | moon loungers,2,2,Under Pressure / The Moon Loungers
debaser | pixies,2,2,Debaser / The Pixies
breathe | prodigy,2,2,Breathe / The Prodigy
firestarter | prodigy,2,2,Firestarter / The Prodigy
wild horses | riders,2,2,Wild Horses / The Riders
start me up | rolling stones,2,2,Start Me Up / The Rolling Stones
talking in your sleep | romantics,2,2,Talking in Your Sleep / The Romantics
what i like about you | romantics,1,2,What I Like About You / The Romantics
dreams acoustic cover by running mates | running mates,2,2,"Dreams"" - (Fleetwood Mac) Acoustic Cover by The Running Mates / The Running Mates"
linger | running mates,2,2,Linger / The Running Mates
whats up | running mates,2,2,What's Up? / The Running Mates
tessellate | self escape,2,2,Tessellate / The Self-Escape
blood and roses | smithereens,2,2,Blood And Roses / The Smithereens
i am a man of constant sorrow | soggy bottom boys,3,3,I Am a Man of Constant Sorrow / The Soggy Bottom Boys
i am a man of constant sorrow | soggy bottom boys dan tyminski,2,2,"I Am A Man Of Constant Sorrow / The Soggy Bottom Boys, Dan Tyminski"
fools gold | stone roses,2,2,Fools Gold / THE STONE ROSES
sweet disposition | temper trap,4,4,Sweet Disposition / The Temper Trap
under milky way | temper trap,2,2,Under the Milky Way / The Temper Trap
love is stronger than death | ,2,1,Love Is Stronger Than Death / The The
bitter sweet symphony | verve,2,2,Bitter Sweet Symphony / The Verve
eminence front | who,1,2,Eminence Front / The Who
this must be place talking heads | wildwoods,2,2,This Must Be the Place (Naive Melody) - Talking Heads (cover) / The Wildwoods
chandelier | wind and wave,2,2,Chandelier / The Wind and The Wave
dont you | wind and wave,2,2,Don't You (Forget About Me) / The Wind and The Wave
edge of seventeen | wind and wave,2,2,Edge of Seventeen / The Wind and The Wave
gold guns girls | wind and wave,2,2,Gold Guns Girls / The Wind and The Wave
time after time | wind and wave,2,2,Time After Time / The Wind and The Wave
lebanese blonde | thievery corporation,2,2,Lebanese Blonde / Thievery Corporation
boys are back in town | thin lizzy,2,2,The Boys Are Back in Town / Thin Lizzy
smells like teen spirit black widow opening credits | think up anger,2,2,Smells Like Teen Spirit - Black Widow Opening Credits / Think Up Anger
she blinded me with science | thomas dolby,2,2,She Blinded Me With Science / Thomas Dolby
playground love | thomas dutronc and youn sun nah,2,2,Playground Love / Thomas Dutronc & Youn Sun Nah
send me an angel | thrice,2,2,Send Me an Angel / Thrice
stereo tonic | thunderball,2,2,Stereo Tonic / Thunderball
voices carry | til tuesday,2,2,Voices Carry / Til Tuesday
voices carry | til tuesday voices carry,2,2,Voices Carry / Til Tuesday Voices Carry (Expanded Edition)
wouldnt it be good | tim n jess,2,2,Wouldn't It Be Good / Tim 'n Jess
personal jesus | tim barton,2,2,Personal Jesus / Tim Barton
tiny dancer elton john | tim wegmeyer,2,2,Tiny Dancer - Elton John (Cover) / Tim Wegmeyer
in air tonight | tizah liyah ipvgpzqsiep,2,2,In the Air Tonight / Tizah Liyah$$$_iPvgpzqSIeP
fall down | toad wet sprocket,2,2,Fall Down / Toad The Wet Sprocket
walk on ocean | toad wet sprocket,2,2,Walk On the Ocean / Toad the Wet Sprocket
estupido rapaz | tom ze,2,1,Estúpido Rapaz / Tom Zé
quero pensar | tom ze,2,1,Quero Pensar (A Mulher De Bath) / Tom Zé
vai | tom ze,2,1,Vai (Menina Amanhã De Manhã) / Tom Zé
chasing cars | tommee profitt,2,2,Chasing Cars / Tommee Profitt
in end | tommee profitt,4,4,In The End / Tommee Profitt
smells like teen spirit | tommee profitt,2,2,Smells Like Teen Spirit / Tommee Profitt
mad world | tommee profitt and 2wei,2,2,Mad World / Tommee Profitt & 2WEI feat. Fleurie
867 5309 jenny | tommy tutone,1,2,867 5309 / Jenny / Tommy Tutone
sober | tool,2,2,Sober / TOOL
six underground | torii wolf,2,2,Six Underground / Torii Wolf
habits | tove lo,2,2,Habits (Stay High) / Tove Lo
drops of jupiter | train,2,2,Drops of Jupiter / Train
all young dudes | travis,3,3,All the Young Dudes / Travis
baby one more time | travis,3,3,Baby One More Time / Travis
be my baby | travis,2,2,Be My Baby / Travis
dont be shy | travis,2,2,Don't Be Shy / Travis
give me some truth | travis,2,2,Give Me Some Truth / Travis
here comes sun | travis,3,3,Here Comes the Sun / Travis
killer queen | travis,2,2,Killer Queen / Travis
reason | travis,3,3,Reason (feat. Susie Hug) / Travis
river | travis,2,2,River / Travis
urge for going | travis,2,2,The Urge for Going / Travis
weight | travis,2,2,The Weight / Travis
unbelievers | travis,2,2,Unbelievers / Travis
youre a big girl now | travis,2,2,You're a Big Girl Now / Travis
wild world | trent dabbs,2,2,Wild World / Trent Dabbs
mayonaise smashing pumpkins | trey nichols,2,2,Mayonaise - The Smashing Pumpkins (Cover by Trey Nichols) / Trey Nichols
aftermath | tricky,2,2,Aftermath / Tricky
hell is round corner | tricky,2,2,Hell Is Round The Corner / Tricky
overcome | tricky,2,2,Overcome / Tricky
pumpkin | tricky,2,2,Pumpkin / Tricky
overcome | tricky martina topley bird,2,2,"Overcome / Tricky, Martina Topley-Bird"
emma louise covers alt j tessellate for like a version | triple j,2,2,Emma Louise covers alt-J 'Tessellate' for Like A Version / triple j
lily allen family man | triple j,2,2,Lily Allen - 'Family Man' (live for Like A Version) / triple j
lumineers cover talking heads this must be place for like a version | triple j,2,2,The Lumineers cover Talking Heads 'This Must Be The Place (Naive Melody)' for Like A Version / triple j
into everything | telepopmusik,2,1,Into Everything / Télépopmusik
love can damage your health | telepopmusik,2,1,Love Can Damage Your Health / Télépopmusik
smile | telepopmusik,2,1,Smile / Télépopmusik
11 oclock tick tock | u2,2,2,11 O'Clock Tick Tock / U2
bad | u2,2,2,Bad (live) / U2
electrical storm | u2,2,2,Electrical Storm / U2
staring at sun | u2,2,2,Staring At The Sun / U2
electric co | u2,2,2,The Electric Co. / U2
fly | u2,2,2,The Fly / U2
with or without you | u2,3,3,With Or Without You / U2
dancing with tears in my eyes | ultravox,3,3,Dancing With Tears in My Eyes / Ultravox
take on me | united rhythms of brazil,2,2,Take on Me (Electrobossa Mix) / United Rhythms of Brazil
lonely soul | unkle,2,2,Lonely Soul / UNKLE
rabbit in your headlights | unkle,2,2,Rabbit In Your Headlights / UNKLE
come undone | urban love,2,2,Come Undone / Urban Love
roads | urban love,2,2,Roads / Urban Love
wicked game | ursine vulpine,2,2,Wicked Game / Ursine Vulpine
dont change | vance joy,2,2,Don't Change / Vance Joy
dont take your love away | vast,2,2,Don't Take Your Love Away / VAST
touched | vast,2,2,Touched / VAST
tessellate | versa,2,2,Tessellate (Live) / VERSA
dance hall days | wang chung,2,2,Dance Hall Days / Wang Chung
ashes to ashes | warpaint,2,2,Ashes to Ashes / Warpaint
your woman | white town,2,2,Your Woman / White Town
motley crue | white zombie,2,1,Mötley Crüe / White Zombie
i kissed a girl | william fitzsimmons,2,2,I Kissed a Girl / William Fitzsimmons
6 underground | xhoana x,2,2,6 UNDERGROUND / XHOANA X
today | yellowcard,2,2,Today / Yellowcard
take me out | young summer,2,2,Take Me Out / Young Summer
cough syrup | young giant,2,2,Cough Syrup / Young the Giant
my body | young giant,2,2,My Body / Young The Giant
royals | youth in revolt,2,2,Royals / Youth in Revolt
rainbow connection | zee avi,2,2,Rainbow Connection / Zee Avi
seven nation army | zella day,2,2,Seven Nation Army / Zella Day
wonderwall | zella day,2,2,Wonderwall / Zella Day
you sexy thing | zella day,2,2,You Sexy Thing / Zella Day
destiny | zero 7,3,3,Destiny / Zero 7
this world | zero 7,2,2,This World / Zero 7
destiny | zero 7 sia sophie barker,2,2,"Destiny / Zero 7, Sia, Sophie Barker"
lost song | olafur arnalds,2,1,Lost Song / Ólafur Arnalds
erase rewind | ,2,2,Erase Rewind / Группа Свои
between a rock and a hard place | rolling stones,1,2,Between a Rock and a Hard Place / Rolling Stones
ace of spades | motorhead,2,1,Ace of Spades / Motörhead
shout at devil | motley crue,2,1,Shout at the Devil / Mötley Crüe
wild side | motley crue,2,1,Wild Side / Mötley Crüe
giant | ,2,1,Giant / The The
ultraviolet | u2,2,2,Ultraviolet / U2
