Active CSV Line,Title,Artist,Field,Active Value,Candidate Value,Staged Value,Reason,Source
23,Surround Me With Your Love (Mental Overdrive remix),3-11 Porter,Spotify Track ID,2TU7Eb1kVi9lkxWWjCy4hv,2TU7Eb1kVi9lkxWWjCy4hv,7vmlI8Ifgh1JceLDzVWrub,active Spotify ID differs from active Spotify Track ID; manual review required,D:\Music\MusicDB\data\exports\active_vs_staged_review\spotify_id_normalization_review.csv
77,Take On Me (MTV Unplugged),a-ha,Spotify Track ID,2WfaOiMkCvy7F5fcp2zZ8L,2WfaOiMkCvy7F5fcp2zZ8L,7htt7UuxHL5wneOcMWJP5E,active Spotify ID differs from active Spotify Track ID; manual review required,D:\Music\MusicDB\data\exports\active_vs_staged_review\spotify_id_normalization_review.csv
90,Rainbow Warrior,Abakus,Spotify Track ID,4YmeoueDGZKhGk4UZPebcL,4YmeoueDGZKhGk4UZPebcL,4KAbZV8A5ISYtkztzA27CG,active Spotify ID differs from active Spotify Track ID; manual review required,D:\Music\MusicDB\data\exports\active_vs_staged_review\spotify_id_normalization_review.csv
154,I Don't Want to Miss a Thing,Aerosmith,Spotify Track ID,1xEEN1FMnnrJmdhbCWXCQj,1xEEN1FMnnrJmdhbCWXCQj,225xvV8r1yKMHErSWivnow,active Spotify ID differs from active Spotify Track ID; manual review required,D:\Music\MusicDB\data\exports\active_vs_staged_review\spotify_id_normalization_review.csv
155,Love in an Elevator,Aerosmith,Spotify Track ID,1nZ2TI2hNPGDYyesyaaASn,1nZ2TI2hNPGDYyesyaaASn,1l6DV8qhmCdgOKLSAFzPOe,active Spotify ID differs from active Spotify Track ID; manual review required,D:\Music\MusicDB\data\exports\active_vs_staged_review\spotify_id_normalization_review.csv
171,Dub In Ya Mind (Beach Club Mix),Afterlife,Spotify Track ID,06DXs2hBRdjNs1qE1iYCQQ,06DXs2hBRdjNs1qE1iYCQQ,6PL9VLAwzRQdLJ1TM48snU,active Spotify ID differs from active Spotify Track ID; manual review required,D:\Music\MusicDB\data\exports\active_vs_staged_review\spotify_id_normalization_review.csv
194,All I Need,Air,Spotify Track ID,15BlQhZY1eifwSr1rLMdUG,15BlQhZY1eifwSr1rLMdUG,7jOM0KIKgIppqIEvEjixaj,active Spotify ID differs from active Spotify Track ID; manual review required,D:\Music\MusicDB\data\exports\active_vs_staged_review\spotify_id_normalization_review.csv
195,All I Need (feat. Beth Hirsch),Air,Spotify Track ID,15BlQhZY1eifwSr1rLMdUG,15BlQhZY1eifwSr1rLMdUG,7jOM0KIKgIppqIEvEjixaj,active Spotify ID differs from active Spotify Track ID; manual review required,D:\Music\MusicDB\data\exports\active_vs_staged_review\spotify_id_normalization_review.csv
202,Cherry Blossom Girl (Simian Mobile disco remix),Air,Spotify Track ID,4m8ttWM8IKXyhpv89E867J,4m8ttWM8IKXyhpv89E867J,41JmmWQb9vlm3eRAwP4dyW,active Spotify ID differs from active Spotify Track ID; manual review required,D:\Music\MusicDB\data\exports\active_vs_staged_review\spotify_id_normalization_review.csv
207,How Does It Make You Feel? (Edit),Air,Spotify Track ID,4IoqGTH2D6zMrGzg9gW0DL,4IoqGTH2D6zMrGzg9gW0DL,70cffa1QCpfYYAVWkwg5Oc,active Spotify ID differs from active Spotify Track ID; manual review required,D:\Music\MusicDB\data\exports\active_vs_staged_review\spotify_id_normalization_review.csv
214,Modulor mix,Air,Spotify Track ID,4v1vuLH8aEtxAZdoVSwm02,4v1vuLH8aEtxAZdoVSwm02,1THmmDV8tPlBm90kyWf6uU,active Spotify ID differs from active Spotify Track ID; manual review required,D:\Music\MusicDB\data\exports\active_vs_staged_review\spotify_id_normalization_review.csv
246,Silent Hill,Akira Yamaoka,Spotify Track ID,3BQGqHtnnFSkTzzdXvUXSP,3BQGqHtnnFSkTzzdXvUXSP,23OtZ6mVz24ZXZ6KeDnjG2,active Spotify ID differs from active Spotify Track ID; manual review required,D:\Music\MusicDB\data\exports\active_vs_staged_review\spotify_id_normalization_review.csv
251,Theme of Laura (Reprise),Akira Yamaoka,Spotify Track ID,7d3czu4ZW2ARKNb8AWRs0r,7d3czu4ZW2ARKNb8AWRs0r,4jNS0CJQtMae6qEjkPJ6iG,active Spotify ID differs from active Spotify Track ID; manual review required,D:\Music\MusicDB\data\exports\active_vs_staged_review\spotify_id_normalization_review.csv
267,Head over Feet (Live / Unplugged),Alanis Morissette,Spotify Track ID,36sZlJgvmP62qcEuAaV1uM,36sZlJgvmP62qcEuAaV1uM,0HxDXAUayBZXU8ZaWdBKyc,active Spotify ID differs from active Spotify Track ID; manual review required,D:\Music\MusicDB\data\exports\active_vs_staged_review\spotify_id_normalization_review.csv
516,A Town Called Obsolete,Andreya Triana,Spotify Track ID,2RlWXa67n2RDyvmz6tvVWR,2RlWXa67n2RDyvmz6tvVWR,2jofjSpgp0idhM6stxbXRo,active Spotify ID differs from active Spotify Track ID; manual review required,D:\Music\MusicDB\data\exports\active_vs_staged_review\spotify_id_normalization_review.csv
624,All Time,Archive,Spotify Track ID,5nHMdhLvzZe7s7OpqOoftu,5nHMdhLvzZe7s7OpqOoftu,3Qt1Wa1mKRsJutcsvt0DHU,active Spotify ID differs from active Spotify Track ID; manual review required,D:\Music\MusicDB\data\exports\active_vs_staged_review\spotify_id_normalization_review.csv
627,Headspace,Archive,Spotify Track ID,6TUMiWv8VXRwE7p0Bv2Wjp,6TUMiWv8VXRwE7p0Bv2Wjp,1jScWoGvbDSZmhrftJlIdk,active Spotify ID differs from active Spotify Track ID; manual review required,D:\Music\MusicDB\data\exports\active_vs_staged_review\spotify_id_normalization_review.csv
634,Organ Song,Archive,Spotify Track ID,0xyUCEk6IkYMN6asvcavk9,0xyUCEk6IkYMN6asvcavk9,03TrmL2cEFCLj0q3yhFlSc,active Spotify ID differs from active Spotify Track ID; manual review required,D:\Music\MusicDB\data\exports\active_vs_staged_review\spotify_id_normalization_review.csv
669,Private Sunshine,ASHLEY SLATER,Spotify Track ID,2Yw0sXx8WEQeLIlZVFPyKN,2Yw0sXx8WEQeLIlZVFPyKN,3v2sTDZBlrI6WdltEKUA4e,active Spotify ID differs from active Spotify Track ID; manual review required,D:\Music\MusicDB\data\exports\active_vs_staged_review\spotify_id_normalization_review.csv
837,The Hunting,Bajka,Spotify Track ID,7p4mDVPONbVCvC6mQqeDM0,7p4mDVPONbVCvC6mQqeDM0,56wBVMMnECptDP99GJaZBF,active Spotify ID differs from active Spotify Track ID; manual review required,D:\Music\MusicDB\data\exports\active_vs_staged_review\spotify_id_normalization_review.csv
1089,Always,Bent,Spotify Track ID,4lsGBZWdjhnLBLY8Xp38g0,4lsGBZWdjhnLBLY8Xp38g0,7ECDD5PX9KEVSwFqgAbwjT,active Spotify ID differs from active Spotify Track ID; manual review required,D:\Music\MusicDB\data\exports\active_vs_staged_review\spotify_id_normalization_review.csv
1199,Speak Low - Bent Remix,Billie Holiday,Spotify Track ID,76wnGqb0iUVimgTLU89o9f,76wnGqb0iUVimgTLU89o9f,7ujUko3QK8m1UFnexVmRbc,active Spotify ID differs from active Spotify Track ID; manual review required,D:\Music\MusicDB\data\exports\active_vs_staged_review\spotify_id_normalization_review.csv
1215,Dancing With Myself,Billy Idol,Spotify Track ID,4kP1Q7kTXz1exaYR6biydH,4kP1Q7kTXz1exaYR6biydH,3rQfYDjgpRy5LFlClpPQW9,active Spotify ID differs from active Spotify Track ID; manual review required,D:\Music\MusicDB\data\exports\active_vs_staged_review\spotify_id_normalization_review.csv
1240,Lonely Is the Night,Billy Squier,Spotify Track ID,2MsFg3G9mdKcJJkkffiAYN,2MsFg3G9mdKcJJkkffiAYN,28eg5bkYvIHT7HPmzZFwLN,active Spotify ID differs from active Spotify Track ID; manual review required,D:\Music\MusicDB\data\exports\active_vs_staged_review\spotify_id_normalization_review.csv
1279,Army of Me (Sucker Punch remix),Bjork featuring Skunk Anansie,Spotify Track ID,3vEmpJQC2p8h0U3OiBufQm,3vEmpJQC2p8h0U3OiBufQm,4GlINJTlEq7g9diy5dJ9an,active Spotify ID differs from active Spotify Track ID; manual review required,D:\Music\MusicDB\data\exports\active_vs_staged_review\spotify_id_normalization_review.csv
1334,Heart of Glass (Crabtree Remix),Blondie,Spotify Track ID,4v2rkl1mC3zVAz0nXMx9r4,4v2rkl1mC3zVAz0nXMx9r4,3AfSUTSjkbjnyi5dDjTB9R,active Spotify ID differs from active Spotify Track ID; manual review required,D:\Music\MusicDB\data\exports\active_vs_staged_review\spotify_id_normalization_review.csv
1335,Heart Of Glass (Special Mix),Blondie,Spotify Track ID,4v2rkl1mC3zVAz0nXMx9r4,4v2rkl1mC3zVAz0nXMx9r4,0a4agFmqHXxcZl1nho1BxM,active Spotify ID differs from active Spotify Track ID; manual review required,D:\Music\MusicDB\data\exports\active_vs_staged_review\spotify_id_normalization_review.csv
1357,Godzilla (live),Blue Oyster Cult,Spotify Track ID,6N0AnkdDFZUetw8KAGHV7e,6N0AnkdDFZUetw8KAGHV7e,7EUicA1ZWopQICfTSStfkM,active Spotify ID differs from active Spotify Track ID; manual review required,D:\Music\MusicDB\data\exports\active_vs_staged_review\spotify_id_normalization_review.csv
1391,Desire,Bob Moses,Spotify Track ID,36Lb2L21fDT7vtl0r7zpa5,36Lb2L21fDT7vtl0r7zpa5,0tcNM9PPdMYv9S3tjuZSyV,active Spotify ID differs from active Spotify Track ID; manual review required,D:\Music\MusicDB\data\exports\active_vs_staged_review\spotify_id_normalization_review.csv
1653,Cola (Mixed),CamelPhat,Spotify Track ID,79uyF45rQWbYrZnx6GuTLa,79uyF45rQWbYrZnx6GuTLa,1oTAZyGwFn1VNLBeSG1hyy,active Spotify ID differs from active Spotify Track ID; manual review required,D:\Music\MusicDB\data\exports\active_vs_staged_review\spotify_id_normalization_review.csv
1743,"Darling, Darling, Darling...",Chapelier Fou,Spotify Track ID,6atS8vTuW9VreXpaAu0k7z,6atS8vTuW9VreXpaAu0k7z,7MmTruEsgxewbrLVyvRvv0,active Spotify ID differs from active Spotify Track ID; manual review required,D:\Music\MusicDB\data\exports\active_vs_staged_review\spotify_id_normalization_review.csv
1897,Fall,Clint Mansell,Spotify Track ID,0LNYpW0LDpMPWgoJOFZKEa,0LNYpW0LDpMPWgoJOFZKEa,7vWqh2jf9plrPZMaGk6AlW,active Spotify ID differs from active Spotify Track ID; manual review required,D:\Music\MusicDB\data\exports\active_vs_staged_review\spotify_id_normalization_review.csv
1946,Run (Live),Collective Soul,Spotify Track ID,3HxX5qcaz2phmsJVPskugD,3HxX5qcaz2phmsJVPskugD,5xjAQfzYsEXabVoIvebzkP,active Spotify ID differs from active Spotify Track ID; manual review required,D:\Music\MusicDB\data\exports\active_vs_staged_review\spotify_id_normalization_review.csv
1960,Endless Dream,Conjure One Featuring Poe,Spotify Track ID,6NbC7BG4xbBrpDSfQTfVXj,6NbC7BG4xbBrpDSfQTfVXj,38L23tm3HJ6aTWxLlUn9sk,active Spotify ID differs from active Spotify Track ID; manual review required,D:\Music\MusicDB\data\exports\active_vs_staged_review\spotify_id_normalization_review.csv
2094,Pure Joy,DAB,Spotify Track ID,67orTrhmHbBgN8DqdMupRh,67orTrhmHbBgN8DqdMupRh,3344ysKWRhETzzq6JNeNQv,active Spotify ID differs from active Spotify Track ID; manual review required,D:\Music\MusicDB\data\exports\active_vs_staged_review\spotify_id_normalization_review.csv
2095,The Blues,DAB,Spotify Track ID,2XEzCiqGc9EFpVM8i41okG,2XEzCiqGc9EFpVM8i41okG,55snxxF4bHptZKtWcMlssL,active Spotify ID differs from active Spotify Track ID; manual review required,D:\Music\MusicDB\data\exports\active_vs_staged_review\spotify_id_normalization_review.csv
2114,Revelation,Daikirai,Spotify Track ID,2uSLCVaKCauzOk8NIiJbtJ,2uSLCVaKCauzOk8NIiJbtJ,6wQetn4GeuGyBKVonNgnq5,active Spotify ID differs from active Spotify Track ID; manual review required,D:\Music\MusicDB\data\exports\active_vs_staged_review\spotify_id_normalization_review.csv
2117,Michelle Plays Ping Pong,DAISY DAISY,Spotify Track ID,6xf8NPPwfmDtHa3wUV9OAW,6xf8NPPwfmDtHa3wUV9OAW,1996ohzspE68MwjrWguuX2,active Spotify ID differs from active Spotify Track ID; manual review required,D:\Music\MusicDB\data\exports\active_vs_staged_review\spotify_id_normalization_review.csv
2217,The Man Who Sold The World,David Bowie,Spotify Track ID,460q0S6ZJndf1WlKlZ13Wu,460q0S6ZJndf1WlKlZ13Wu,4mWahKerLaVddUjb8d1Q4Q,active Spotify ID differs from active Spotify Track ID; manual review required,D:\Music\MusicDB\data\exports\active_vs_staged_review\spotify_id_normalization_review.csv
2230,The Magic Number,DE LA SOUL,Spotify Track ID,2lPrtCVXwPvlOM96nrXO5c,2lPrtCVXwPvlOM96nrXO5c,4hB8J06D2ZaGkWZDOMpYZB,active Spotify ID differs from active Spotify Track ID; manual review required,D:\Music\MusicDB\data\exports\active_vs_staged_review\spotify_id_normalization_review.csv
2235,No Lie,De-Phazz,Spotify Track ID,6VbNwb89hSrsGtecHg5a8c,6VbNwb89hSrsGtecHg5a8c,11AJb4e4hTdvWm6RD8QjAR,active Spotify ID differs from active Spotify Track ID; manual review required,D:\Music\MusicDB\data\exports\active_vs_staged_review\spotify_id_normalization_review.csv
2238,The Host of Seraphim,Dead Can Dance,Spotify Track ID,5CaT9q2MaBP1GuH6khIy8B,5CaT9q2MaBP1GuH6khIy8B,3vdiWuVRCKbEBNmuaLPMxv,active Spotify ID differs from active Spotify Track ID; manual review required,D:\Music\MusicDB\data\exports\active_vs_staged_review\spotify_id_normalization_review.csv
2239,The Ubiquitous Mr. Lovegrove,Dead Can Dance,Spotify Track ID,46Uu8z4OhFr9o02bR4JDDU,46Uu8z4OhFr9o02bR4JDDU,6bQ2ojoZbv95gBFx3jL9UO,active Spotify ID differs from active Spotify Track ID; manual review required,D:\Music\MusicDB\data\exports\active_vs_staged_review\spotify_id_normalization_review.csv
2263,I'll Be Home for Christmas,Dean Martin,Spotify Track ID,4mPPA20iT8lxPuIdDvYPwL,4mPPA20iT8lxPuIdDvYPwL,5PCS7feLWXvEsp5s5fSpXe,active Spotify ID differs from active Spotify Track ID; manual review required,D:\Music\MusicDB\data\exports\active_vs_staged_review\spotify_id_normalization_review.csv
2301,Silence,Delerium,Spotify Track ID,6WuBtCCjG0T2irgaeBkPDu,6WuBtCCjG0T2irgaeBkPDu,2jAjkmZIKwV5VOBiZ3qUUL,active Spotify ID differs from active Spotify Track ID; manual review required,D:\Music\MusicDB\data\exports\active_vs_staged_review\spotify_id_normalization_review.csv
2316,Blasphemous Rumours,Depeche Mode,Spotify Track ID,4Gsq0yYHEIAt5WLFKqY6M3,4Gsq0yYHEIAt5WLFKqY6M3,7oQX82XgUBDhSbpMSksG12,active Spotify ID differs from active Spotify Track ID; manual review required,D:\Music\MusicDB\data\exports\active_vs_staged_review\spotify_id_normalization_review.csv
2327,Enjoy the Silence (Hands and Feet mix),Depeche Mode,Spotify Track ID,6WK9dVrRABMkUXFLNlgWFh,6WK9dVrRABMkUXFLNlgWFh,7ln0aztR553ZJLoHsF3FxD,active Spotify ID differs from active Spotify Track ID; manual review required,D:\Music\MusicDB\data\exports\active_vs_staged_review\spotify_id_normalization_review.csv
2328,Enjoy The Silence (Live),Depeche Mode,Spotify Track ID,6WK9dVrRABMkUXFLNlgWFh,6WK9dVrRABMkUXFLNlgWFh,162jEBRb6zCOiaWaCiqK3B,active Spotify ID differs from active Spotify Track ID; manual review required,D:\Music\MusicDB\data\exports\active_vs_staged_review\spotify_id_normalization_review.csv
2330,Enjoy the Silence (single mix),Depeche Mode,Spotify Track ID,6WK9dVrRABMkUXFLNlgWFh,6WK9dVrRABMkUXFLNlgWFh,7ln0aztR553ZJLoHsF3FxD,active Spotify ID differs from active Spotify Track ID; manual review required,D:\Music\MusicDB\data\exports\active_vs_staged_review\spotify_id_normalization_review.csv
2341,Never Let Me Down Again,Depeche Mode,Spotify Track ID,3QqONU0GW4byIClquChyf0,3QqONU0GW4byIClquChyf0,0T57cTUpYpvSvZ3GowBuTP,active Spotify ID differs from active Spotify Track ID; manual review required,D:\Music\MusicDB\data\exports\active_vs_staged_review\spotify_id_normalization_review.csv
2345,Personal Jesus,Depeche Mode,Spotify Track ID,3mHj3cBY3bKYuMb3z0lRVS,3mHj3cBY3bKYuMb3z0lRVS,2wUlYDGGXlSvm2NkGj0Qio,active Spotify ID differs from active Spotify Track ID; manual review required,D:\Music\MusicDB\data\exports\active_vs_staged_review\spotify_id_normalization_review.csv
2347,Personal Jesus (Single Version),Depeche Mode,Spotify Track ID,3mHj3cBY3bKYuMb3z0lRVS,3mHj3cBY3bKYuMb3z0lRVS,4UCTgh5jvtqoaMX6MAhUNn,active Spotify ID differs from active Spotify Track ID; manual review required,D:\Music\MusicDB\data\exports\active_vs_staged_review\spotify_id_normalization_review.csv
2348,Policy of Truth,Depeche Mode,Spotify Track ID,5pEkt88uwNG4xfwSiOgsqC,5pEkt88uwNG4xfwSiOgsqC,0Mb20VmqR2lvtgbEermW2v,active Spotify ID differs from active Spotify Track ID; manual review required,D:\Music\MusicDB\data\exports\active_vs_staged_review\spotify_id_normalization_review.csv
2440,Six Days,DJ Shadow,Spotify Track ID,525vGLj61tNqCToVJ9cPzp,525vGLj61tNqCToVJ9cPzp,6ifNuuYjiS5NdMabN4Jvrs,active Spotify ID differs from active Spotify Track ID; manual review required,D:\Music\MusicDB\data\exports\active_vs_staged_review\spotify_id_normalization_review.csv
2441,Six Days (Machinedrum Remix),DJ Shadow,Spotify Track ID,525vGLj61tNqCToVJ9cPzp,525vGLj61tNqCToVJ9cPzp,1jXBvdTHlmz0zy5GTzANks,active Spotify ID differs from active Spotify Track ID; manual review required,D:\Music\MusicDB\data\exports\active_vs_staged_review\spotify_id_normalization_review.csv
2476,Boys of Summer,Don Henley,Spotify Track ID,4TIZrHkVMOnEb0L3Vj8zUc,4TIZrHkVMOnEb0L3Vj8zUc,4Q3ERWBrb4lhDvAPyANjY5,active Spotify ID differs from active Spotify Track ID; manual review required,D:\Music\MusicDB\data\exports\active_vs_staged_review\spotify_id_normalization_review.csv
2479,The Boys Of Summer,Don Henley,Spotify Track ID,4TIZrHkVMOnEb0L3Vj8zUc,4TIZrHkVMOnEb0L3Vj8zUc,4Q3ERWBrb4lhDvAPyANjY5,active Spotify ID differs from active Spotify Track ID; manual review required,D:\Music\MusicDB\data\exports\active_vs_staged_review\spotify_id_normalization_review.csv
2483,Why,Donna Regina,Spotify Track ID,21PV64xRI67P281IldN5oX,21PV64xRI67P281IldN5oX,0LFoXRQ74Z8xksGA1z9EVB,active Spotify ID differs from active Spotify Track ID; manual review required,D:\Music\MusicDB\data\exports\active_vs_staged_review\spotify_id_normalization_review.csv
2540,I Believe in You,Duran Duran,Spotify Track ID,0e9JJroReg5QiuM0JN6RJ4,0e9JJroReg5QiuM0JN6RJ4,4umuMi2giGbdbVbsVZ5ADf,active Spotify ID differs from active Spotify Track ID; manual review required,D:\Music\MusicDB\data\exports\active_vs_staged_review\spotify_id_normalization_review.csv
2541,I Don't Want Your Love,Duran Duran,Spotify Track ID,4XlMPyTNmxbVfFfOd85SKz,4XlMPyTNmxbVfFfOd85SKz,14EAufx3zDJvNi4jyrLlCQ,active Spotify ID differs from active Spotify Track ID; manual review required,D:\Music\MusicDB\data\exports\active_vs_staged_review\spotify_id_normalization_review.csv
2542,I Don't Want Your Love (Shep Pettibone Mix),Duran Duran,Spotify Track ID,4XlMPyTNmxbVfFfOd85SKz,4XlMPyTNmxbVfFfOd85SKz,14EAufx3zDJvNi4jyrLlCQ,active Spotify ID differs from active Spotify Track ID; manual review required,D:\Music\MusicDB\data\exports\active_vs_staged_review\spotify_id_normalization_review.csv
2549,Rio (US Edit),Duran Duran,Spotify Track ID,2SEM1OHX0POc27jbphZEpW,2SEM1OHX0POc27jbphZEpW,0cfDBdKa6tlz4RWmfoRZE0,active Spotify ID differs from active Spotify Track ID; manual review required,D:\Music\MusicDB\data\exports\active_vs_staged_review\spotify_id_normalization_review.csv
2558,The Wild Boys (Wilder Than Wild Boys Extended Mix),Duran Duran,Spotify Track ID,23M7cQkNJLiddeubvVgaQl,23M7cQkNJLiddeubvVgaQl,56tyrP6qa5TE1E0Ecfhn0J,active Spotify ID differs from active Spotify Track ID; manual review required,D:\Music\MusicDB\data\exports\active_vs_staged_review\spotify_id_normalization_review.csv
2559,Union of the Snake,Duran Duran,Spotify Track ID,2iitSsbNPH0EJPyyEpvSgg,2iitSsbNPH0EJPyyEpvSgg,3JpaL6FMH9kjVWMA1mTmRl,active Spotify ID differs from active Spotify Track ID; manual review required,D:\Music\MusicDB\data\exports\active_vs_staged_review\spotify_id_normalization_review.csv
2576,Headstrong,Earshot,Spotify Track ID,36ikjmiIpqEZ1913HvNkfH,36ikjmiIpqEZ1913HvNkfH,6Z1bDJrdeadsoJQE05QxGf,active Spotify ID differs from active Spotify Track ID; manual review required,D:\Music\MusicDB\data\exports\active_vs_staged_review\spotify_id_normalization_review.csv
2579,Santa Baby,Eartha Kitt,Spotify Track ID,59hKzj0h6ElhQv8rBqvpUz,59hKzj0h6ElhQv8rBqvpUz,3EO3fBZjoiiNPozbdplKJf,active Spotify ID differs from active Spotify Track ID; manual review required,D:\Music\MusicDB\data\exports\active_vs_staged_review\spotify_id_normalization_review.csv
2629,Inner Light (Barry Can't Swim Remix),Elderbrook,Spotify Track ID,40tPP3K10yMZxwnT65REKj,40tPP3K10yMZxwnT65REKj,0luVePRe2Z1wnYxULh5LGh,active Spotify ID differs from active Spotify Track ID; manual review required,D:\Music\MusicDB\data\exports\active_vs_staged_review\spotify_id_normalization_review.csv
2666,Dream A Little Dream Of Me,Ella Fitzgerald,Spotify Track ID,0KBvapFwuz8gPKu6Gw23WN,0KBvapFwuz8gPKu6Gw23WN,78MI7mu1LV1k4IA2HzKmHe,active Spotify ID differs from active Spotify Track ID; manual review required,D:\Music\MusicDB\data\exports\active_vs_staged_review\spotify_id_normalization_review.csv
2725,Eve,Emancipator,Spotify Track ID,2oq7eoZRyBsUDyW1uyQNOZ,2oq7eoZRyBsUDyW1uyQNOZ,2HJeCc5Dy2pB6OR3FGO7yc,active Spotify ID differs from active Spotify Track ID; manual review required,D:\Music\MusicDB\data\exports\active_vs_staged_review\spotify_id_normalization_review.csv
2743,Desert,Emilie Simon,Spotify Track ID,2g3hloQSJPZeVfhamreahC,2g3hloQSJPZeVfhamreahC,2DTw1WEzW2G7MKnpKLGoCS,active Spotify ID differs from active Spotify Track ID; manual review required,D:\Music\MusicDB\data\exports\active_vs_staged_review\spotify_id_normalization_review.csv
2791,Refrão De Bolero,Engenheiros do Hawaii,Spotify Track ID,0zDd8L392PZaHM0QXr4t3Y,0zDd8L392PZaHM0QXr4t3Y,78AuK7p3Wj5a1cvIqfX5cp,active Spotify ID differs from active Spotify Track ID; manual review required,D:\Music\MusicDB\data\exports\active_vs_staged_review\spotify_id_normalization_review.csv
2792,Principles Of Lust,Enigma,Spotify Track ID,6eAEpHCRLhGRvehKp2JzbG,6eAEpHCRLhGRvehKp2JzbG,6YyqULhTNU7AKaKJKChluQ,active Spotify ID differs from active Spotify Track ID; manual review required,D:\Music\MusicDB\data\exports\active_vs_staged_review\spotify_id_normalization_review.csv
2793,Sadeness Part 1,Enigma,Spotify Track ID,3n2dV8PXv1bs8KP31UhbVj,3n2dV8PXv1bs8KP31UhbVj,3exCa2VExkXc27C3SDGUVG,active Spotify ID differs from active Spotify Track ID; manual review required,D:\Music\MusicDB\data\exports\active_vs_staged_review\spotify_id_normalization_review.csv
2836,Missing,Everything But The Girl,Spotify Track ID,559fPQkxu5odfZT1iC08ev,559fPQkxu5odfZT1iC08ev,12JS8jXv0pcLAke3nIyejB,active Spotify ID differs from active Spotify Track ID; manual review required,D:\Music\MusicDB\data\exports\active_vs_staged_review\spotify_id_normalization_review.csv
2838,Missing (Todd Terry Remix),Everything But The Girl,Spotify Track ID,559fPQkxu5odfZT1iC08ev,559fPQkxu5odfZT1iC08ev,12JS8jXv0pcLAke3nIyejB,active Spotify ID differs from active Spotify Track ID; manual review required,D:\Music\MusicDB\data\exports\active_vs_staged_review\spotify_id_normalization_review.csv
2850,Don't Leave,Faithless,Spotify Track ID,65alEHNH6CrabO8o4dXPj7,65alEHNH6CrabO8o4dXPj7,6VtY2xGJ9eyi1eATpvEerC,active Spotify ID differs from active Spotify Track ID; manual review required,D:\Music\MusicDB\data\exports\active_vs_staged_review\spotify_id_normalization_review.csv
2870,Hayling (Ils Remix),FC Kahuna,Spotify Track ID,5ewsTJzfU5eiBLcGlaSrpG,5ewsTJzfU5eiBLcGlaSrpG,1sHwvteMxSyoYXBgsP1Afw,active Spotify ID differs from active Spotify Track ID; manual review required,D:\Music\MusicDB\data\exports\active_vs_staged_review\spotify_id_normalization_review.csv
2871,Hayling (Special Request Mix) (Mixed),FC Kahuna,Spotify Track ID,5ewsTJzfU5eiBLcGlaSrpG,5ewsTJzfU5eiBLcGlaSrpG,1W6yjkff8boaFQDENdIQN4,active Spotify ID differs from active Spotify Track ID; manual review required,D:\Music\MusicDB\data\exports\active_vs_staged_review\spotify_id_normalization_review.csv
2889,A Zed and two L's,Fila Brazillia,Spotify Track ID,7Cpqa5dmzAz9t9adXaIEng,7Cpqa5dmzAz9t9adXaIEng,4xYat8aAiLzMOGsXWB5igA,active Spotify ID differs from active Spotify Track ID; manual review required,D:\Music\MusicDB\data\exports\active_vs_staged_review\spotify_id_normalization_review.csv
2896,(Can't You) Trip Like I Do,Filter,Spotify Track ID,5Vip8qySvWP12QaJoPliOA,5Vip8qySvWP12QaJoPliOA,3qiXr7dKZkCElXo2Lk6ICK,active Spotify ID differs from active Spotify Track ID; manual review required,D:\Music\MusicDB\data\exports\active_vs_staged_review\spotify_id_normalization_review.csv
2940,Crave You (Adventure Club Remix),Flight Facilities,Spotify Track ID,06Gw4zi1Gqg11XgRchemgJ,06Gw4zi1Gqg11XgRchemgJ,5jdGLLEA1e85jy9VYdggoP,active Spotify ID differs from active Spotify Track ID; manual review required,D:\Music\MusicDB\data\exports\active_vs_staged_review\spotify_id_normalization_review.csv
2987,I Want to Know What Love Is,Foreigner,Spotify Track ID,04OjLvOApQve45B0ISx4XN,04OjLvOApQve45B0ISx4XN,1JLn8RhQzHz3qDqsChcmBl,active Spotify ID differs from active Spotify Track ID; manual review required,D:\Music\MusicDB\data\exports\active_vs_staged_review\spotify_id_normalization_review.csv
9105,A Better Tomorrow,Dan the Automator,Genre,Hip Hop,Hip Hop,Electronic,both active and staged have nonblank conflicting values; manual review required,D:\Music\MusicDB\data\exports\active_vs_staged_review\field_differences_unambiguous_song_keys.csv
7122,A Deeper Silence,Steve Roach,Duration,73:41,73:41,73:41:00,both active and staged have nonblank conflicting values; manual review required,D:\Music\MusicDB\data\exports\active_vs_staged_review\field_differences_unambiguous_song_keys.csv
9345,ain't talking about love,Van Halen,Genre,Hard Rock,Hard Rock,Electronic,both active and staged have nonblank conflicting values; manual review required,D:\Music\MusicDB\data\exports\active_vs_staged_review\field_differences_unambiguous_song_keys.csv
2654,Air - Concert Prive,Electronic Music,Duration,59:48,59:48,59:48:00,both active and staged have nonblank conflicting values; manual review required,D:\Music\MusicDB\data\exports\active_vs_staged_review\field_differences_unambiguous_song_keys.csv
6863,Alive And Kicking,Simple Minds,Genre,"October 27, 2019","October 27, 2019",27-Oct-19,both active and staged have nonblank conflicting values; manual review required,D:\Music\MusicDB\data\exports\active_vs_staged_review\field_differences_unambiguous_song_keys.csv
9066,Antmusic,Adam and the Ants,Genre,Rock,Rock,Electronic,both active and staged have nonblank conflicting values; manual review required,D:\Music\MusicDB\data\exports\active_vs_staged_review\field_differences_unambiguous_song_keys.csv
8599,Beautiful Day,U2,Genre,"October 27, 2019","October 27, 2019",27-Oct-19,both active and staged have nonblank conflicting values; manual review required,D:\Music\MusicDB\data\exports\active_vs_staged_review\field_differences_unambiguous_song_keys.csv
9098,Bela Lugosi's Dead,Chvrches,Genre,synth pop,synth pop,Electronic,both active and staged have nonblank conflicting values; manual review required,D:\Music\MusicDB\data\exports\active_vs_staged_review\field_differences_unambiguous_song_keys.csv
5522,Blue Monday '88,New Order,Genre,"October 27, 2019","October 27, 2019",27-Oct-19,both active and staged have nonblank conflicting values; manual review required,D:\Music\MusicDB\data\exports\active_vs_staged_review\field_differences_unambiguous_song_keys.csv
3644,Call Me,IMY2,Genre,Rock,Rock,Cover,both active and staged have nonblank conflicting values; manual review required,D:\Music\MusicDB\data\exports\active_vs_staged_review\field_differences_unambiguous_song_keys.csv
8602,Discotheque,U2,Genre,"October 27, 2019","October 27, 2019",27-Oct-19,both active and staged have nonblank conflicting values; manual review required,D:\Music\MusicDB\data\exports\active_vs_staged_review\field_differences_unambiguous_song_keys.csv
6857,Fall into Sleep Instantly,Silent Rhythm,Duration,30:00,30:00,30:00:00,both active and staged have nonblank conflicting values; manual review required,D:\Music\MusicDB\data\exports\active_vs_staged_review\field_differences_unambiguous_song_keys.csv
7342,Fox On The Run,Sweet,Genre,"October 17, 2019","October 17, 2019",17-Oct-19,both active and staged have nonblank conflicting values; manual review required,D:\Music\MusicDB\data\exports\active_vs_staged_review\field_differences_unambiguous_song_keys.csv
424,Glory Box,Ameritz,Album,- Tribute Glory Box (A Tribute to Portishead),- Tribute Glory Box (A Tribute to Portishead),#NAME?,both active and staged have nonblank conflicting values; manual review required,D:\Music\MusicDB\data\exports\active_vs_staged_review\field_differences_unambiguous_song_keys.csv
9067,Goody Two Shoes,Adam and the Ants,Genre,Pop,Pop,Rock,both active and staged have nonblank conflicting values; manual review required,D:\Music\MusicDB\data\exports\active_vs_staged_review\field_differences_unambiguous_song_keys.csv
4258,I,Kid Loco,Spotify Verified,Yes,Yes,No,both active and staged have nonblank conflicting values; manual review required,D:\Music\MusicDB\data\exports\active_vs_staged_review\field_differences_unambiguous_song_keys.csv
3967,Immigrant Song,John Craigie,Genre,"October 27, 2019","October 27, 2019",27-Oct-19,both active and staged have nonblank conflicting values; manual review required,D:\Music\MusicDB\data\exports\active_vs_staged_review\field_differences_unambiguous_song_keys.csv
1238,In The Dark,Billy Squier,Genre,"October 27, 2019","October 27, 2019",27-Oct-19,both active and staged have nonblank conflicting values; manual review required,D:\Music\MusicDB\data\exports\active_vs_staged_review\field_differences_unambiguous_song_keys.csv
3302,Lessening,Gregor Samsa,Album,55:12,55:12,55:12:00,both active and staged have nonblank conflicting values; manual review required,D:\Music\MusicDB\data\exports\active_vs_staged_review\field_differences_unambiguous_song_keys.csv
1340,The Man,Blossoms,Genre,Rock,Rock,Cover,both active and staged have nonblank conflicting values; manual review required,D:\Music\MusicDB\data\exports\active_vs_staged_review\field_differences_unambiguous_song_keys.csv
30,Morning Child - Radio Edit,4 Hero,Genre,"Trip-Hop "" 40 Winks","Trip-Hop "" 40 Winks",Trip-Hop,both active and staged have nonblank conflicting values; manual review required,D:\Music\MusicDB\data\exports\active_vs_staged_review\field_differences_unambiguous_song_keys.csv
8665,Old School,Urban Cone,Album,10-18,10-18,18-Oct,both active and staged have nonblank conflicting values; manual review required,D:\Music\MusicDB\data\exports\active_vs_staged_review\field_differences_unambiguous_song_keys.csv
8908,Owner of a Lonely Heart,Yes,Genre,"October 17, 2019","October 17, 2019",17-Oct-19,both active and staged have nonblank conflicting values; manual review required,D:\Music\MusicDB\data\exports\active_vs_staged_review\field_differences_unambiguous_song_keys.csv
5925,Peaceful Night Soothing Deep Sleep Music (Calming Healing Music),Personal Power Sleep Serenity,Duration,30:01,30:01,30:01:00,both active and staged have nonblank conflicting values; manual review required,D:\Music\MusicDB\data\exports\active_vs_staged_review\field_differences_unambiguous_song_keys.csv
5902,Planet Earth,Peder B. Helland,Duration,31:20,31:20,31:20:00,both active and staged have nonblank conflicting values; manual review required,D:\Music\MusicDB\data\exports\active_vs_staged_review\field_differences_unambiguous_song_keys.csv
8666,Pumping Up Clouds,Urban Cone,Album,10-18,10-18,18-Oct,both active and staged have nonblank conflicting values; manual review required,D:\Music\MusicDB\data\exports\active_vs_staged_review\field_differences_unambiguous_song_keys.csv
7231,Renegade,Styx,Genre,"October 17, 2019","October 17, 2019",17-Oct-19,both active and staged have nonblank conflicting values; manual review required,D:\Music\MusicDB\data\exports\active_vs_staged_review\field_differences_unambiguous_song_keys.csv
5197,Summertime Sadness,Miley Cyrus,Genre,Rock,Rock,Cover,both active and staged have nonblank conflicting values; manual review required,D:\Music\MusicDB\data\exports\active_vs_staged_review\field_differences_unambiguous_song_keys.csv
8278,Thievery Corporation - The Mirror Conspiracy [Full Album Stream],Thievery Corporation,Duration,57:14,57:14,57:14:00,both active and staged have nonblank conflicting values; manual review required,D:\Music\MusicDB\data\exports\active_vs_staged_review\field_differences_unambiguous_song_keys.csv
7932,This Must Be The Place (Naive Melody),The Lumineers cover Talking Heads 'This Must Be The Place (Naive Melody)' for Like A Version,Genre,Folk,Folk,Cover,both active and staged have nonblank conflicting values; manual review required,D:\Music\MusicDB\data\exports\active_vs_staged_review\field_differences_unambiguous_song_keys.csv
5905,Time,Peder B. Helland,Duration,39:55,39:55,39:55:00,both active and staged have nonblank conflicting values; manual review required,D:\Music\MusicDB\data\exports\active_vs_staged_review\field_differences_unambiguous_song_keys.csv
4481,Too Close,LANNe,Genre,Electronic,Electronic,Cover,both active and staged have nonblank conflicting values; manual review required,D:\Music\MusicDB\data\exports\active_vs_staged_review\field_differences_unambiguous_song_keys.csv
3657,Yellow,IMY2,Genre,Rock,Rock,Cover,both active and staged have nonblank conflicting values; manual review required,D:\Music\MusicDB\data\exports\active_vs_staged_review\field_differences_unambiguous_song_keys.csv
2180,You Make My Dreams (Come True),Daryl Hall & John Oates,Genre,"October 17, 2019","October 17, 2019",17-Oct-19,both active and staged have nonblank conflicting values; manual review required,D:\Music\MusicDB\data\exports\active_vs_staged_review\field_differences_unambiguous_song_keys.csv
3106,#1 Crush,Garbage,__row_signature__,,,1 crush || garbage || absolute garbage || 4:45,active-only row signature; no deletion proposed,D:\Music\MusicDB\data\exports\active_vs_staged_review\active_only_rows.csv
9319,867-5309 / Jenny,Tommy Tutone,__row_signature__,,,867 5309 jenny || tommy tutone || tommy tutone 2 || 3:46,active-only row signature; no deletion proposed,D:\Music\MusicDB\data\exports\active_vs_staged_review\active_only_rows.csv
7122,A Deeper Silence,Steve Roach,__row_signature__,,,a deeper silence || steve roach || music for stargazing volume 2 || 73:41,active-only row signature; no deletion proposed,D:\Music\MusicDB\data\exports\active_vs_staged_review\active_only_rows.csv
9209,Ace of Spades,Motörhead,__row_signature__,,,ace of spades || motorhead || ace of spades || 2:48,active-only row signature; no deletion proposed,D:\Music\MusicDB\data\exports\active_vs_staged_review\active_only_rows.csv
2654,Air - Concert Prive,Electronic Music,__row_signature__,,,air concert prive || electronic music || le manifeste || 59:48,active-only row signature; no deletion proposed,D:\Music\MusicDB\data\exports\active_vs_staged_review\active_only_rows.csv
9385,Belfast Child,🌧️ 22. Simple Minds,__row_signature__,,,belfast child || 22 simple minds || ||,active-only row signature; no deletion proposed,D:\Music\MusicDB\data\exports\active_vs_staged_review\active_only_rows.csv
9312,Between a Rock and a Hard Place,The Rolling Stones,__row_signature__,,,between a rock and a hard place || rolling stones || steel wheels || 5:25,active-only row signature; no deletion proposed,D:\Music\MusicDB\data\exports\active_vs_staged_review\active_only_rows.csv
9156,Burnin' for You,Blue Öyster Cult,__row_signature__,,,burnin for you || blue oyster cult || ||,active-only row signature; no deletion proposed,D:\Music\MusicDB\data\exports\active_vs_staged_review\active_only_rows.csv
1372,Burnin' for You,Blue Öyster Cult,__row_signature__,,,burnin for you || blue oyster cult || fire of unknown origin || 4:31,active-only row signature; no deletion proposed,D:\Music\MusicDB\data\exports\active_vs_staged_review\active_only_rows.csv
9394,Cellophane,🫀 30. FKA Twigs,__row_signature__,,,cellophane || 30 fka twigs || ||,active-only row signature; no deletion proposed,D:\Music\MusicDB\data\exports\active_vs_staged_review\active_only_rows.csv
1184,Dangerous (feat. Joywave),Big Data,__row_signature__,,,dangerous || big data || 2 0 || 4:40,active-only row signature; no deletion proposed,D:\Music\MusicDB\data\exports\active_vs_staged_review\active_only_rows.csv
9244,Debaser,Pixies,__row_signature__,,,debaser || pixies || doolittle || 2:51,active-only row signature; no deletion proposed,D:\Music\MusicDB\data\exports\active_vs_staged_review\active_only_rows.csv
9351,Dream Police,Cheap Trick,__row_signature__,,,dream police || cheap trick || ||,active-only row signature; no deletion proposed,D:\Music\MusicDB\data\exports\active_vs_staged_review\active_only_rows.csv
3730,Edge of the Ocean (Alpha's 'On the Beach' Mix),Ivy,__row_signature__,,,edge of ocean || ivy || edge of ocean || 4:59,active-only row signature; no deletion proposed,D:\Music\MusicDB\data\exports\active_vs_staged_review\active_only_rows.csv
9325,The Electric Co,U2,__row_signature__,,,electric co || u2 || boy || 4:46,active-only row signature; no deletion proposed,D:\Music\MusicDB\data\exports\active_vs_staged_review\active_only_rows.csv
9344,Eminence Front,The Who,__row_signature__,,,eminence front || who || ||,active-only row signature; no deletion proposed,D:\Music\MusicDB\data\exports\active_vs_staged_review\active_only_rows.csv
6857,Fall into Sleep Instantly,Silent Rhythm,__row_signature__,,,fall into sleep instantly || silent rhythm || ultra relaxing music for sleep || 30:00,active-only row signature; no deletion proposed,D:\Music\MusicDB\data\exports\active_vs_staged_review\active_only_rows.csv
9316,Giant,The The,__row_signature__,,,giant || || soul mining || 9:34,active-only row signature; no deletion proposed,D:\Music\MusicDB\data\exports\active_vs_staged_review\active_only_rows.csv
424,Glory Box,Ameritz,__row_signature__,,,glory box || ameritz || tribute glory box || 3:37,active-only row signature; no deletion proposed,D:\Music\MusicDB\data\exports\active_vs_staged_review\active_only_rows.csv
9104,Harder Better Faster Stronger,Daft Punk,__row_signature__,,,harder better faster stronger || daft punk || discovery || 3:44,active-only row signature; no deletion proposed,D:\Music\MusicDB\data\exports\active_vs_staged_review\active_only_rows.csv
2734,Heaven,Emeli Sandé,__row_signature__,,,heaven || emeli sande || live at royal albert hall || 4:11,active-only row signature; no deletion proposed,D:\Music\MusicDB\data\exports\active_vs_staged_review\active_only_rows.csv
9152,Help I'm Alive,Metric,__row_signature__,,,help im alive || metric || ||,active-only row signature; no deletion proposed,D:\Music\MusicDB\data\exports\active_vs_staged_review\active_only_rows.csv
9281,How Soon Is Now (cover),t.A.T.u,__row_signature__,,,how soon is now || t a t u || 200 km h in wrong lane || 3:16,active-only row signature; no deletion proposed,D:\Music\MusicDB\data\exports\active_vs_staged_review\active_only_rows.csv
9158,I Love Rock 'n' Roll,Joan Jett,__row_signature__,,,i love rock n roll || joan jett || i love rock n roll || 2:55,active-only row signature; no deletion proposed,D:\Music\MusicDB\data\exports\active_vs_staged_review\active_only_rows.csv
9389,I'm Losing You,🎸 2. The Temptations,__row_signature__,,,im losing you || 2 temptations || ||,active-only row signature; no deletion proposed,D:\Music\MusicDB\data\exports\active_vs_staged_review\active_only_rows.csv
3302,Lessening,Gregor Samsa,__row_signature__,,,lessening || gregor samsa || 55 12 || 6:36,active-only row signature; no deletion proposed,D:\Music\MusicDB\data\exports\active_vs_staged_review\active_only_rows.csv
9390,Limit to Your Love,💥 37. James Blake,__row_signature__,,,limit to your love || 37 james blake || ||,active-only row signature; no deletion proposed,D:\Music\MusicDB\data\exports\active_vs_staged_review\active_only_rows.csv
2583,Lips Like Sugar,Echo And The Bunnymen,__row_signature__,,,lips like sugar || echo and bunnymen || echo and bunnymen || 4:52,active-only row signature; no deletion proposed,D:\Music\MusicDB\data\exports\active_vs_staged_review\active_only_rows.csv
7543,Love Shack,The B 52's,__row_signature__,,,love shack || b 52s || time capsule || 5:21,active-only row signature; no deletion proposed,D:\Music\MusicDB\data\exports\active_vs_staged_review\active_only_rows.csv
1020,Mad About You - Hooverphonic (by Beatrice Florea),Beatrice Florea,__row_signature__,,,mad about you hooverphonic || beatrice florea || singer || 3:44,active-only row signature; no deletion proposed,D:\Music\MusicDB\data\exports\active_vs_staged_review\active_only_rows.csv
9077,Moments in Love,Art of Noise,__row_signature__,,,moments in love || art of noise || art of noise || 10:15,active-only row signature; no deletion proposed,D:\Music\MusicDB\data\exports\active_vs_staged_review\active_only_rows.csv
5442,Mr. Brownstone,Mötley Crüe,__row_signature__,,,mr brownstone || motley crue || in concert ||,active-only row signature; no deletion proposed,D:\Music\MusicDB\data\exports\active_vs_staged_review\active_only_rows.csv
9201,N.W.O,Ministry,__row_signature__,,,n w o || ministry || ke a h || 5:30,active-only row signature; no deletion proposed,D:\Music\MusicDB\data\exports\active_vs_staged_review\active_only_rows.csv
8665,Old School,Urban Cone,__row_signature__,,,old school || urban cone || 10 18 || 3:03,active-only row signature; no deletion proposed,D:\Music\MusicDB\data\exports\active_vs_staged_review\active_only_rows.csv
9150,Only Happy When It Rains,Garbage,__row_signature__,,,only happy when it rains || garbage || ||,active-only row signature; no deletion proposed,D:\Music\MusicDB\data\exports\active_vs_staged_review\active_only_rows.csv
9237,Opportunities,Pet Shop Boys,__row_signature__,,,opportunities || pet shop boys || please further listening 1984 1986 || 3:43,active-only row signature; no deletion proposed,D:\Music\MusicDB\data\exports\active_vs_staged_review\active_only_rows.csv
5925,Peaceful Night Soothing Deep Sleep Music (Calming Healing Music),Personal Power Sleep Serenity,__row_signature__,,,peaceful night soothing deep sleep music || personal power sleep serenity || peaceful nights || 30:01,active-only row signature; no deletion proposed,D:\Music\MusicDB\data\exports\active_vs_staged_review\active_only_rows.csv
9384,Pictures of You,🌧️ 15. The Cure,__row_signature__,,,pictures of you || 15 cure || ||,active-only row signature; no deletion proposed,D:\Music\MusicDB\data\exports\active_vs_staged_review\active_only_rows.csv
5902,Planet Earth,Peder B. Helland,__row_signature__,,,planet earth || peder b helland || flying || 31:20,active-only row signature; no deletion proposed,D:\Music\MusicDB\data\exports\active_vs_staged_review\active_only_rows.csv
9188,Protection,Massive Attack ft. Tracey Thorn,__row_signature__,,,protection || massive attack || protection || 7:14,active-only row signature; no deletion proposed,D:\Music\MusicDB\data\exports\active_vs_staged_review\active_only_rows.csv
8666,Pumping Up Clouds,Urban Cone,__row_signature__,,,pumping up clouds || urban cone || 10 18 || 2:56,active-only row signature; no deletion proposed,D:\Music\MusicDB\data\exports\active_vs_staged_review\active_only_rows.csv
7549,Roam,The B-52's,__row_signature__,,,roam || b 52s || cosmic thing || 4:55,active-only row signature; no deletion proposed,D:\Music\MusicDB\data\exports\active_vs_staged_review\active_only_rows.csv
1946,Run (Live),Collective Soul,__row_signature__,,,run || collective soul || live || 4:50,active-only row signature; no deletion proposed,D:\Music\MusicDB\data\exports\active_vs_staged_review\active_only_rows.csv
7119,Shäut zerk (Demo version),Stervhïa,__row_signature__,,,shaut zerk || stervhia || breathe remains ep ||,active-only row signature; no deletion proposed,D:\Music\MusicDB\data\exports\active_vs_staged_review\active_only_rows.csv
9212,Shout at the Devil,Mötley Crüe,__row_signature__,,,shout at devil || motley crue || shout at devil || 3:14,active-only row signature; no deletion proposed,D:\Music\MusicDB\data\exports\active_vs_staged_review\active_only_rows.csv
9085,Smokin',Boston,__row_signature__,,,smokin || boston || boston || 4:21,active-only row signature; no deletion proposed,D:\Music\MusicDB\data\exports\active_vs_staged_review\active_only_rows.csv
8619,Staring At The Sun,U2,__row_signature__,,,staring at sun || u2 || pop || 4:36,active-only row signature; no deletion proposed,D:\Music\MusicDB\data\exports\active_vs_staged_review\active_only_rows.csv
9387,Strong,🌧️ 34. London Grammar,__row_signature__,,,strong || 34 london grammar || ||,active-only row signature; no deletion proposed,D:\Music\MusicDB\data\exports\active_vs_staged_review\active_only_rows.csv
9078,The Sun Always Shines on TV,a-ha,__row_signature__,,,sun always shines on tv || a ha || hunting high and low || 5:02,active-only row signature; no deletion proposed,D:\Music\MusicDB\data\exports\active_vs_staged_review\active_only_rows.csv
8278,Thievery Corporation - The Mirror Conspiracy [Full Album Stream],Thievery Corporation,__row_signature__,,,thievery corporation mirror conspiracy || thievery corporation || mirror conspiracy || 57:14,active-only row signature; no deletion proposed,D:\Music\MusicDB\data\exports\active_vs_staged_review\active_only_rows.csv
5905,Time,Peder B. Helland,__row_signature__,,,time || peder b helland || time || 39:55,active-only row signature; no deletion proposed,D:\Music\MusicDB\data\exports\active_vs_staged_review\active_only_rows.csv
9392,Two Weeks,🩶 29. FKA Twigs,__row_signature__,,,two weeks || 29 fka twigs || ||,active-only row signature; no deletion proposed,D:\Music\MusicDB\data\exports\active_vs_staged_review\active_only_rows.csv
9329,Ultraviolet,U2,__row_signature__,,,ultraviolet || u2 || achtung baby || 5:30,active-only row signature; no deletion proposed,D:\Music\MusicDB\data\exports\active_vs_staged_review\active_only_rows.csv
9330,Ultraviolet (Light My Way),U2,__row_signature__,,,ultraviolet || u2 || achtung baby || 5:30,active-only row signature; no deletion proposed,D:\Music\MusicDB\data\exports\active_vs_staged_review\active_only_rows.csv
9386,Waiting Game,🌧️ 31. Banks,__row_signature__,,,waiting game || 31 banks || ||,active-only row signature; no deletion proposed,D:\Music\MusicDB\data\exports\active_vs_staged_review\active_only_rows.csv
9205,Walking in L.A,Missing Persons,__row_signature__,,,walking in l a || missing persons || spring session m || 4:00,active-only row signature; no deletion proposed,D:\Music\MusicDB\data\exports\active_vs_staged_review\active_only_rows.csv
9393,Weird Fishes / Arpeggi,🫀 10. Radiohead,__row_signature__,,,weird fishes arpeggi || 10 radiohead || ||,active-only row signature; no deletion proposed,D:\Music\MusicDB\data\exports\active_vs_staged_review\active_only_rows.csv
9352,What I Like About You,The Romantics,__row_signature__,,,what i like about you || romantics || ||,active-only row signature; no deletion proposed,D:\Music\MusicDB\data\exports\active_vs_staged_review\active_only_rows.csv
2560,Wild Boys,Duran Duran,__row_signature__,,,wild boys || duran duran || greatest || 4:17,active-only row signature; no deletion proposed,D:\Music\MusicDB\data\exports\active_vs_staged_review\active_only_rows.csv
9213,Wild Side,Mötley Crüe,__row_signature__,,,wild side || motley crue || girls girls girls || 4:43,active-only row signature; no deletion proposed,D:\Music\MusicDB\data\exports\active_vs_staged_review\active_only_rows.csv
9391,Winning,🕯️ 25. The Sound,__row_signature__,,,winning || 25 sound || ||,active-only row signature; no deletion proposed,D:\Music\MusicDB\data\exports\active_vs_staged_review\active_only_rows.csv
9388,Wire,🌪️ 20. U2,__row_signature__,,,wire || 20 u2 || ||,active-only row signature; no deletion proposed,D:\Music\MusicDB\data\exports\active_vs_staged_review\active_only_rows.csv
9162,You've Got Another Thing Comin',Judas Priest,__row_signature__,,,youve got another thing comin || judas priest || screaming for vengeance || 5:10,active-only row signature; no deletion proposed,D:\Music\MusicDB\data\exports\active_vs_staged_review\active_only_rows.csv
9471,Шелкопряд,Fleur,__row_signature__,,,|| fleur || ||,staged-only row signature; no append proposed,D:\Music\MusicDB\data\exports\active_vs_staged_review\staged_only_rows.csv
7118,A Deeper Silence,Steve Roach,__row_signature__,,,a deeper silence || steve roach || music for stargazing volume 2 || 73 41 00,staged-only row signature; no append proposed,D:\Music\MusicDB\data\exports\active_vs_staged_review\staged_only_rows.csv
9374,Ace of Spades,Motorhead,__row_signature__,,,ace of spades || motorhead || ||,staged-only row signature; no append proposed,D:\Music\MusicDB\data\exports\active_vs_staged_review\staged_only_rows.csv
2651,Air - Concert Prive,Electronic Music,__row_signature__,,,air concert prive || electronic music || le manifeste || 59 48 00,staged-only row signature; no append proposed,D:\Music\MusicDB\data\exports\active_vs_staged_review\staged_only_rows.csv
1184,Dangerous (feat. Joywave),Big Data,__row_signature__,,,dangerous || big data || 2 || 4:40,staged-only row signature; no append proposed,D:\Music\MusicDB\data\exports\active_vs_staged_review\staged_only_rows.csv
9237,Debaser,Pixies,__row_signature__,,,debaser || pixies || ||,staged-only row signature; no append proposed,D:\Music\MusicDB\data\exports\active_vs_staged_review\staged_only_rows.csv
3726,Edge of the Ocean (Alpha's 'On the Beach' Mix),Ivy,__row_signature__,,,edge of ocean || ivy || edge of ocean ||,staged-only row signature; no append proposed,D:\Music\MusicDB\data\exports\active_vs_staged_review\staged_only_rows.csv
9316,The Electric Co,U2,__row_signature__,,,electric co || u2 || ||,staged-only row signature; no append proposed,D:\Music\MusicDB\data\exports\active_vs_staged_review\staged_only_rows.csv
6853,Fall into Sleep Instantly,Silent Rhythm,__row_signature__,,,fall into sleep instantly || silent rhythm || ultra relaxing music for sleep || 30 00 00,staged-only row signature; no append proposed,D:\Music\MusicDB\data\exports\active_vs_staged_review\staged_only_rows.csv
9308,Giant,The The,__row_signature__,,,giant || || ||,staged-only row signature; no append proposed,D:\Music\MusicDB\data\exports\active_vs_staged_review\staged_only_rows.csv
9497,Giant,The The,__row_signature__,,,giant || || ||,staged-only row signature; no append proposed,D:\Music\MusicDB\data\exports\active_vs_staged_review\staged_only_rows.csv
424,Glory Box,Ameritz,__row_signature__,,,glory box || ameritz || name || 3:37,staged-only row signature; no append proposed,D:\Music\MusicDB\data\exports\active_vs_staged_review\staged_only_rows.csv
9098,Harder Better Faster Stronger,Daft Punk,__row_signature__,,,harder better faster stronger || daft punk || ||,staged-only row signature; no append proposed,D:\Music\MusicDB\data\exports\active_vs_staged_review\staged_only_rows.csv
2731,Heaven,Emeli Sandé,__row_signature__,,,heaven || emeli sande || live at royal albert hall ||,staged-only row signature; no append proposed,D:\Music\MusicDB\data\exports\active_vs_staged_review\staged_only_rows.csv
9152,I Love Rock 'n' Roll,Joan Jett,__row_signature__,,,i love rock n roll || joan jett || ||,staged-only row signature; no append proposed,D:\Music\MusicDB\data\exports\active_vs_staged_review\staged_only_rows.csv
3298,Lessening,Gregor Samsa,__row_signature__,,,lessening || gregor samsa || 55 12 00 || 6:36,staged-only row signature; no append proposed,D:\Music\MusicDB\data\exports\active_vs_staged_review\staged_only_rows.csv
9496,Love Is Stronger Than Death,The The,__row_signature__,,,love is stronger than death || || ||,staged-only row signature; no append proposed,D:\Music\MusicDB\data\exports\active_vs_staged_review\staged_only_rows.csv
1020,Mad About You - Hooverphonic (by Beatrice Florea),Beatrice Florea,__row_signature__,,,mad about you hooverphonic || beatrice florea || name || 3:44,staged-only row signature; no append proposed,D:\Music\MusicDB\data\exports\active_vs_staged_review\staged_only_rows.csv
9071,Moments in Love,Art of Noise,__row_signature__,,,moments in love || art of noise || ||,staged-only row signature; no append proposed,D:\Music\MusicDB\data\exports\active_vs_staged_review\staged_only_rows.csv
9552,Mr. Brownstone,Motley Crue,__row_signature__,,,mr brownstone || motley crue || ||,staged-only row signature; no append proposed,D:\Music\MusicDB\data\exports\active_vs_staged_review\staged_only_rows.csv
9194,N.W.O,Ministry,__row_signature__,,,n w o || ministry || ||,staged-only row signature; no append proposed,D:\Music\MusicDB\data\exports\active_vs_staged_review\staged_only_rows.csv
8659,Old School,Urban Cone,__row_signature__,,,old school || urban cone || 18 oct || 3:03,staged-only row signature; no append proposed,D:\Music\MusicDB\data\exports\active_vs_staged_review\staged_only_rows.csv
9230,Opportunities,Pet Shop Boys,__row_signature__,,,opportunities || pet shop boys || ||,staged-only row signature; no append proposed,D:\Music\MusicDB\data\exports\active_vs_staged_review\staged_only_rows.csv
5921,Peaceful Night Soothing Deep Sleep Music (Calming Healing Music),Personal Power Sleep Serenity,__row_signature__,,,peaceful night soothing deep sleep music || personal power sleep serenity || peaceful nights || 30 01 00,staged-only row signature; no append proposed,D:\Music\MusicDB\data\exports\active_vs_staged_review\staged_only_rows.csv
5898,Planet Earth,Peder B. Helland,__row_signature__,,,planet earth || peder b helland || flying || 31 20 00,staged-only row signature; no append proposed,D:\Music\MusicDB\data\exports\active_vs_staged_review\staged_only_rows.csv
9181,Protection,Massive Attack ft. Tracey Thorn,__row_signature__,,,protection || massive attack || ||,staged-only row signature; no append proposed,D:\Music\MusicDB\data\exports\active_vs_staged_review\staged_only_rows.csv
8660,Pumping Up Clouds,Urban Cone,__row_signature__,,,pumping up clouds || urban cone || 18 oct || 2:56,staged-only row signature; no append proposed,D:\Music\MusicDB\data\exports\active_vs_staged_review\staged_only_rows.csv
1945,Run (Live),Collective Soul,__row_signature__,,,run || collective soul || live ||,staged-only row signature; no append proposed,D:\Music\MusicDB\data\exports\active_vs_staged_review\staged_only_rows.csv
9641,Shaut zerk (Demo version),Stervhia,__row_signature__,,,shaut zerk || stervhia || ||,staged-only row signature; no append proposed,D:\Music\MusicDB\data\exports\active_vs_staged_review\staged_only_rows.csv
9383,Shout at the Devil,Motley Crue,__row_signature__,,,shout at devil || motley crue || ||,staged-only row signature; no append proposed,D:\Music\MusicDB\data\exports\active_vs_staged_review\staged_only_rows.csv
9079,Smokin',Boston,__row_signature__,,,smokin || boston || ||,staged-only row signature; no append proposed,D:\Music\MusicDB\data\exports\active_vs_staged_review\staged_only_rows.csv
8613,Staring At The Sun,U2,__row_signature__,,,staring at sun || u2 || pop ||,staged-only row signature; no append proposed,D:\Music\MusicDB\data\exports\active_vs_staged_review\staged_only_rows.csv
9072,The Sun Always Shines on TV,a-ha,__row_signature__,,,sun always shines on tv || a ha || ||,staged-only row signature; no append proposed,D:\Music\MusicDB\data\exports\active_vs_staged_review\staged_only_rows.csv
8272,Thievery Corporation - The Mirror Conspiracy [Full Album Stream],Thievery Corporation,__row_signature__,,,thievery corporation mirror conspiracy || thievery corporation || mirror conspiracy || 57 14 00,staged-only row signature; no append proposed,D:\Music\MusicDB\data\exports\active_vs_staged_review\staged_only_rows.csv
5901,Time,Peder B. Helland,__row_signature__,,,time || peder b helland || time || 39 55 00,staged-only row signature; no append proposed,D:\Music\MusicDB\data\exports\active_vs_staged_review\staged_only_rows.csv
9320,Ultraviolet,U2,__row_signature__,,,ultraviolet || u2 || ||,staged-only row signature; no append proposed,D:\Music\MusicDB\data\exports\active_vs_staged_review\staged_only_rows.csv
9321,Ultraviolet (Light My Way),U2,__row_signature__,,,ultraviolet || u2 || ||,staged-only row signature; no append proposed,D:\Music\MusicDB\data\exports\active_vs_staged_review\staged_only_rows.csv
9198,Walking in L.A,Missing Persons,__row_signature__,,,walking in l a || missing persons || ||,staged-only row signature; no append proposed,D:\Music\MusicDB\data\exports\active_vs_staged_review\staged_only_rows.csv
9380,Wild Side,Motley Crue,__row_signature__,,,wild side || motley crue || ||,staged-only row signature; no append proposed,D:\Music\MusicDB\data\exports\active_vs_staged_review\staged_only_rows.csv
